time,wavelength_shift
0.02,3.159020992177009e-05
0.04,0.00035054125886096614
0.059999,0.0003907510490667575
0.079999,0.00025310536142249675
0.099999,3.848997681153607e-05
0.119999,-0.00015220932388277606
0.139999,-0.00011258228425402338
0.159998,0.00045091421923226257
0.179998,0.0009361123544185812
0.199998,0.0012124526807523472
0.219998,0.0018384200467070645
0.239998,0.001681543589831296
0.259998,0.0020138046620877237
0.279997,0.0013439911422878418
0.299997,0.0008532918415999367
0.319997,-0.0001275006991713435
0.339997,-0.0009168713285227577
0.359997,-0.0013905310021748362
0.379996,-0.0013803911420372562
0.399996,-0.0017178270394644546
0.419996,-0.0012783165499612031
0.439996,-0.0008700414916945527
0.459996,0.0002005645688919238
0.479995,0.0005171379954621531
0.499995,0.0008494223777397123
0.519995,0.0004192592075819109
0.539995,0.0004339678322926206
0.559994,7.557622390908863e-05
0.579994,-0.00021428391595328745
0.599994,-0.001081649883307174
0.619994,-0.0009471510488166606
0.639994,-0.00023188298356516273
0.659993,0.0004605412588445368
0.679993,0.0007310773893776307
0.699993,0.0006315435898454956
0.719993,0.0006641776224819368
0.739993,0.000828979487286954
0.759992,0.00022068111900114517
0.779992,6.998181830548717e-05
0.799992,-0.0009926055942629762
0.819992,-0.0009020228436794309
0.839992,-0.0009698317014888108
0.859992,-0.0006593655010278786
0.879991,-0.001461836363485142
0.899991,-0.0013323491840010505
0.919991,-0.0008594121210734685
0.939991,-0.0014225822842331777
0.959991,-0.0016027687644237188
0.97999,-0.0012081067597675527
0.99999,-0.0015110205126802653
1.01999,-0.0013626522143155542
1.03999,-0.0015016965033554162
1.059989,-0.0006618596735358943
1.079989,-0.0008644004660709493
1.099989,-0.00017265221433288396
1.119989,-0.00016509976677724428
1.139989,-0.00021414405581643046
1.159989,0.0002462289045459099
1.179988,0.0005520564103697887
1.199988,0.00031709137540861324
1.219988,0.00017466713298832124
1.239988,0.0004835249418459826
1.259987,0.000767907226219423
1.279987,0.0005742242425420736
1.299987,-2.8922610595686444e-05
1.319987,-0.00045598554764889174
1.339987,0.00023504009336202723
1.359987,0.0003045039628254204
1.379986,0.00011242937075346161
1.399986,-9.759393926694958e-05
1.419986,-9.875944042791818e-05
1.439986,0.0001634783218023187
1.459985,0.0004031053614232686
1.479985,0.00021709137540933457
1.499985,-3.582237750241352e-05
1.519985,3.1053614250940004e-06
1.539985,0.0004193058276188731
1.559984,0.0009288862471942879
1.579984,0.0007754829837956639
1.599984,0.0008060191143352594
1.619984,0.0008524060607036717
1.639984,0.0013111473194527402
1.659984,0.0018953897436966996
1.679983,0.0018196088579216392
1.699983,0.0016460424243593412
1.719983,0.0012593058276271236
1.739983,0.0008796787879987037
1.759983,0.00022420093252532218
1.779982,-0.0007828153844824968
1.799982,-0.0010579902096643046
1.819982,-0.0010800414917351735
1.839982,-0.0006567547784332878
1.859982,-0.0005924191141180128
1.879981,0.00014219627050456843
1.899981,0.00031932913765238605
1.919981,0.000492056410391952
1.939981,2.305874140653795e-05
1.95998,-0.0007713468529803795
1.97998,-0.0008002512818855031
1.99998,-0.0007580601397023013
2.01998,-0.0006004843821422478
2.03998,-0.001005146386819807
2.059979,-0.0007762419579447469
2.079979,0.00012653193482890053
2.099979,0.0001695389278370231
2.119979,0.0002200284383278521
2.139979,-0.00024943543113053546
2.159978,-0.00033358461527873697
2.179978,-0.00046645174814431836
2.199978,-0.00047265221434662015
2.219978,-0.0006316498833419555
2.239978,-0.0011303445220246229
2.259978,-0.00037614871784084723
2.279977,-0.0004214867131730269
2.299977,-0.0005020228437045768
2.319977,-0.000793141724816156
2.339977,-0.0008842839159593193
2.359977,-0.0008600414917203304
2.379977,-0.0007647034963877162
2.399976,-6.414405584374796e-05
2.419976,0.0002283034966010982
2.439976,0.0005001216784145969
2.459975,0.0004983501166432678
2.479975,-0.0001636545453436218
2.499975,7.177669008575713e-05
2.519975,-0.00034952867120797857
2.539975,-0.000700111421784348
2.559974,-0.0008047501164143197
2.579974,-0.0007530018646673975
2.599974,-6.614871782850853e-05
2.619974,0.0004075575758700723
2.639974,0.0008353198136224029
2.659973,0.0005354596737545336
2.679973,0.0011718466201518154
2.699973,0.001848443356752769
2.719973,0.0017772312355556082
2.739973,0.0012336414919862434
2.759972,0.0008443641027244185
2.779972,0.0006518233101837261
2.799972,0.0006638279721787499
2.819972,0.0005441076924501495
2.839972,-0.00019190629356591202
2.859972,-0.0003789692306431089
2.879971,-0.0004485496502068575
2.899971,-0.0007696452212994741
2.919971,-0.0011217431233956497
2.939971,-0.0018197384613819893
2.95997,-0.001890600932245753
2.97997,-0.0013502745919289018
2.99997,-0.0009605310021941033
3.01997,-0.0007784564101180973
3.03997,-0.0007990624707230135
3.059969,6.20097903302662e-05
3.079969,0.00026270909102052854
3.099969,0.00032121724952354055
3.119969,0.00019324522155077532
3.139969,-0.0001654960371862944
3.159968,6.765035074997913e-06
3.179968,3.2406060720187424e-05
3.199968,7.086759918797166e-05
3.219968,3.800046633014903e-05
3.239968,-0.00029836317002855537
3.259968,-0.0003037244753938151
3.279967,-0.0002594354311052879
3.299967,-0.000551743123409567
3.319967,-0.000259435431105288
3.339967,-0.0001442839159551173
3.359966,-0.00016199953367052817
3.379966,-0.0005871743588403886
3.399966,-0.0008174773891407297
3.419966,-0.00021957529124561357
3.439965,-0.0004055892772574276
3.459966,0.0003986997670203172
3.479965,0.0006028722611909041
3.499965,-5.0834032501607906e-05
3.519965,1.3385081717551435e-05
3.539965,9.39906772994101e-06
3.559964,-0.0008763818180384814
3.579965,-0.0018578270394692747
3.599964,-0.0022967314683690556
3.619964,-0.001534959906611689
3.639964,-0.0007333282049946481
3.659963,6.830349662239292e-05
3.679963,-7.56358973177053e-05
3.699963,-0.0004126755243480437
3.719963,-0.0002240041956797662
3.739963,-0.00025500652668067526
3.759962,-0.0010925123541708401
3.779962,-0.0012895986012502808
3.799962,-0.001025635897290447
3.819962,-0.0006310205126823735
3.839962,0.0006954363637576889
3.859962,0.0008996088579240359
3.879961,0.0010262755245873155
3.899961,0.0008641776224974542
3.919961,0.000680820979144224
3.939961,-0.0004445636362208372
3.95996,-0.0012993421909888807
3.97996,-0.0008874540791061084
3.99996,-0.0009671743588270473
4.01996,-0.0004737944054535971
4.03996,0.0006445039628256177
4.059959,0.0011826158509245972
4.079959,0.0013748303031344729
4.099959,0.0014319631702672559
4.119959,0.0013455995339038329
4.139959,0.0007716135199290794
4.159958,0.0005638979022147741
4.179958,0.0009585132868249678
4.199958,0.0002808909092147429
4.219958,9.930582763602184e-05
4.239958,-1.9831701500699103e-05
4.259957,-0.0006022326338940357
4.279957,-0.0010694820511377321
4.299957,-0.00126213939379309
4.319957,-0.0014547967364489777
4.339957,-0.001244423776079799
4.359957,-0.001049994871653112
4.379956,-0.00030151002318177367
4.399956,0.000114364102687549
4.419956,0.0005240377623550999
4.439956,0.0007521263404402195
4.459955,0.00039559953391731114
4.479955,0.0005351100234264367
4.499955,-0.00018458694626133417
4.519955,-0.0006828386945059393
4.539955,-0.0009596452213073787
4.559954,-0.0009547734264351637
4.579954,-0.0013130717947288711
4.599954,-0.0010805543122122487
4.619954,-0.0010030484847060013
4.639954,-0.0007457291373907715
4.659953,-0.0011974773891310982
4.679953,-0.0008626522143101512
4.699953,-0.0010021627038160966
4.719953,-0.000829878321530493
4.739953,-0.00029398088564196477
4.759952,-0.0003559855476496128
4.779952,-0.0006974540791141043
4.799952,-0.00023020466187252797
4.819952,-5.083403250690801e-05
4.839952,-0.00015934219101724475
4.859951,-0.0006403212119898013
4.879951,1.3385081705891057e-05
4.899951,-6.456363623576862e-05
4.919951,5.501678334749474e-05
4.939951,0.00023704475537275822
4.95995,2.6671795003049312e-05
4.97995,-0.0002014167830826004
4.99995,0.00015511002343977792
5.01995,0.00013075104908029297
5.03995,0.0006936648019842397
5.059949,0.001030261538577576
5.079949,0.0009664853147996589
5.099949,0.00045450396282990335
5.119949,-1.0531002196981297e-05
5.139949,-0.0002851230767842595
5.159949,-0.0005526289042883414
5.179948,-0.0014981999998465404
5.199948,-0.0015535613052069341
5.219948,-0.002029668531309926
5.239948,-0.0013985496502013294
5.259948,-0.001383491375142912
5.279948,-0.0013232582749150732
5.299947,-0.0014853561770075845
5.319947,-0.0013586895103437748
5.339947,-0.0011261720278271524
5.359946,-0.0015845636362131431
5.379946,-0.0016226522142977786
5.399946,-0.00094237249402738
5.419946,-0.000919785081440284
5.439946,-0.0007603445219989364
5.459946,-0.0006983398599944684
5.479945,-0.0008932116548655779
5.499945,-0.0007359855476421016
5.519945,-0.000514540326199466
5.539945,-0.0006319062935632679
5.559945,-0.0010880834497335073
5.579944,-0.0011279435895937115
5.599944,-0.0006673375289956798
5.619944,4.084428917792212e-05
5.639944,0.00013385128218329918
5.659943,-0.00032011142177330897
5.679943,-0.00018414405581214155
5.699943,-3.577575744319068e-05
5.719943,-0.000583188344844828
5.739943,-0.0010367081583607235
5.759942,-0.001907430769067549
5.779942,-0.0027444937061191217
5.799942,-0.0023990391606691403
5.819942,-0.0013290158506628824
5.839942,-0.0013843771560259263
5.859941,-0.001050437762090644
5.879941,-9.999487166499995e-05
5.899941,-0.001117314218966797
5.919941,-0.0014826988343468808
5.939941,-0.0014760554777049268
5.95994,-0.0011819762236271987
5.97994,-0.0011270578087085774
5.99994,-0.0005295986012589432
6.01994,-9.999487166765034e-05
6.03994,0.0004708909092088673
6.059939,0.001525413053712815
6.079939,0.0012375342658363286
6.099939,0.00024058787890534608
6.119939,0.000543967832284142
6.139939,9.886293718735949e-05
6.159938,-0.00012922564089511016
6.179938,-0.0005433282049888638
6.199938,-0.00042551934718169953
6.219938,-0.00046493659660172185
6.239938,0.0002680470863715472
6.259938,0.00019054125886423958
6.279937,0.00021445734278195227
6.299937,0.0005067650350862313
6.319937,0.0007769282052462469
6.339937,-5.5705827378063275e-05
6.359937,-3.356130523379965e-05
6.379936,0.0004403314686534406
6.399936,0.0004890494173708205
6.419936,-2.558974231830623e-06
6.439935,-0.00011328158495314843
6.459935,-0.0005650298366961251
6.479935,0.00024103076935506846
6.499935,0.0004624759907977042
6.519935,0.00041818694650917705
6.539935,0.00010816363648948708
6.559934,0.00017902610735113063
6.579934,0.0005156228439439367
6.599934,-4.684801852035777e-05
6.619934,-0.0001371976688708611
6.639934,-0.0006443072259721116
6.659934,-0.0005464284380945197
6.679933,-0.0005287128203753987
6.699933,-0.0006660088576671828
6.719933,-0.0006837244753810038
6.739933,-0.0006261487178053885
6.759933,-0.0005375706292288641
6.779932,0.00010019160852433646
6.799932,0.0003659258742528491
6.819932,0.0006467184150403091
6.839932,0.0005510540793747583
6.859931,0.0007680703963843013
6.879931,0.00016086759918917736
6.899931,-0.000122139393817214
6.919931,-0.000582745454415776
6.939931,-0.00044279207446381815
6.959931,-0.0006310205126855534
6.97993,-0.0008192489509078187
6.99993,-0.0008320927737499545
7.01993,-0.0011244004660489334
7.03993,-0.0005189692306272586
7.05993,-0.0005428853145428513
7.079929,-0.0009481300697804895
7.099929,-0.0008174773891295997
7.119929,-0.00047910909076334424
7.139929,-4.06475523090457e-05
7.159929,3.862983696800082e-05
7.179928,-9.025128191262015e-05
7.199928,0.0005457393940618313
7.219928,0.0003747836831073746
7.239928,0.00047044801876497524
7.259927,-0.00035598554765650317
7.279927,-0.0011757757574328471
7.299927,-0.0006730951047562092
7.319927,-0.000622162703823078
7.339926,-0.00034535617701898856
7.359926,0.000607301165625587
7.379926,0.0005692125875414818
7.399926,0.0009970447553625055
7.419926,0.0011276974360112757
7.439925,0.0005740843824041565
7.459925,8.203310036185323e-05
7.479925,-0.00029663822830425864
7.499925,-0.00046537948704137395
7.519925,-0.0010499948716525822
7.539925,-0.000651393473058488
7.559924,0.00032739440571531134
7.579924,0.0005971146854346146
7.599924,0.0006529188812341308
7.619924,0.0010736648019730184
7.639924,0.00049480699312658
7.659924,0.0002999351982560005
7.679923,0.0005638979022137141
7.699923,-8.936550103861587e-05
7.719923,-0.00043039114205921483
7.739923,-0.00021558927726118311
7.759922,0.000574970163288231
7.779922,0.0008207743590892915
7.799922,0.00043767412599379703
7.819922,0.00036282564114507317
7.839921,2.6228904555977004e-05
7.859921,-0.0006226055942701502
7.879921,-0.0003745869462565184
7.899921,-0.0011368013984593673
7.919921,-0.0014180368296901895
7.939921,-0.0008351930068561406
7.95992,-0.0003613002329699602
7.97992,1.95855479103129e-05
7.99992,0.0005820564103735473
8.01992,0.0007636414919554486
8.03992,0.0008668349651533878
8.059919,0.0007073944057146901
8.079919,0.0007875575758731612
8.099919,0.0003778839162029602
8.119919,5.678834511034362e-05
8.139919,0.00011214965047073763
8.159919,-0.0004923958040673927
8.179918,-0.0005167547784252876
8.199918,-0.0006385496502174122
8.219918,-0.0006983398600050688
8.239918,-0.0006961254077882573
8.259917,-2.9132400804946868e-05
8.279917,-1.3188344862985035e-05
8.299917,-0.0002811370628061891
8.319917,-0.0004339342655997528
8.339917,-0.0003564284380935052
8.359916,-0.0006110904427517414
8.379916,-0.0004520927737537558
8.399916,-0.00023064755231377027
8.419916,0.00017238275070917655
8.439916,0.00023881631713931723
8.459915,0.0003716834500022486
8.479915,0.0001838979022143355
8.499915,-0.0001420694637446662
8.519915,-0.00042994825161744236
8.539915,-0.0002767081583783965
8.559914,-0.0004959389276015707
8.579914,-0.0004848666665249338
8.599914,-0.0004937244753815792
8.619914,-0.0005225123541715069
8.639914,-0.0004804377621003212
8.659913,-0.0002523491840178516
8.679913,-1.3631235304757435e-05
8.699913,0.0004226158509332597
8.719913,7.893286725513726e-05
8.739913,0.00019629883461628905
8.759912,0.00013163682995694743
8.779912,0.0002113571096773564
8.799912,1.6485314809956914e-05
8.819912,-0.00032852634019931234
8.839911,0.0002211006994201963
8.859911,0.00019009836842193736
8.879911,2.1800000129244368e-05
8.899911,0.0002587463870736594
8.919911,7.051794884821428e-05
8.939911,0.00015068111900933532
8.95991,0.0003566251749512515
8.97991,0.00023040139872868422
8.99991,-0.0001837011653698395
9.01991,-0.0007262419579056217
9.03991,-0.00041577575744680955
9.059909,-0.0016208806525328096
9.079909,-0.001394563636217959
9.099909,-0.0014034214450714241
9.119909,-0.0011195286711836085
9.139909,-0.001153188344839391
9.159908,-0.0007590158506709697
9.179908,-0.0009184564101101973
9.199908,-0.00041976177142487997
9.219908,-0.0007142839159438503
9.239908,-0.0004977104893728998
9.259907,-0.0004494354310994123
9.279907,0.0002038279721529179
9.299907,0.0005005645688849895
9.319907,0.00037256923089056335
9.339907,0.00021135710968159653
9.359906,-0.00010973846140572007
9.379906,-0.0008250065266625182
9.399906,-0.0010132349648874334
9.419906,-0.0015207874124293962
9.439906,-0.0010557524473982713
9.459905,-0.0010801114217593461
9.479905,-0.0008719529136096289
9.499905,-0.00045563589730489393
9.519905,-0.0004339342656071728
9.539905,-0.00016199953367688843
9.559904,-7.563589731452542e-05
9.579904,-0.00023507645675057304
9.599904,0.00014580932413341022
9.619904,0.0002299585082842618
9.639904,0.0008544340327551442
9.659903,0.00029196317029349985
9.679903,0.00042527319359979347
9.699903,0.00012189324022258757
9.719903,-3.9761771431861236e-05
9.739902,-0.00033428391595242187
9.759902,-0.0003586428903134967
9.779902,-0.0007156125872771174
9.799902,-0.00015757062924167558
9.819902,-2.4703496376094162e-05
9.839901,0.0006484899768095181
9.859901,0.0004226158509380298
9.879901,0.00021804708637376282
9.899901,0.00023681165513547627
9.919901,0.00036429417261254685
9.9399,0.00014564615396800196
9.9599,-0.00029551934718926264
9.9799,-3.526293693749535e-05
9.9999,0.00040611235443167984
10.0199,0.0005104247087424951
10.0399,0.000711706760022517
10.059899,0.00043070442902844646
10.079899,6.392121225011222e-05
10.099899,0.00022709137540846732
10.119899,0.0005580703963754809
10.139899,0.0010490027972969579
10.159899,0.0009435249418172238
10.179898,0.0015520564103371345
10.199898,0.0011127557110447335
10.219898,0.001387464335751978
10.239897,0.0012766251749239442
10.259897,0.0008347836830923958
10.279897,0.0009149468532524569
10.299897,0.0002573710956843499
10.319897,7.580932412569984e-05
10.339897,0.0004307277390395075
10.359896,4.0284848603993684e-05
10.379896,-3.0810722482741424e-05
10.399896,-0.00011509976677256993
10.419896,0.00025776736608969014
10.439895,-7.043776210884415e-05
10.459895,0.00018364149196122259
10.479895,0.0002710540793746583
10.499895,-0.0003404843821568439
10.519895,-8.430722598781163e-05
10.539895,0.0004590494173596417
10.559894,0.0005437580420648112
10.579894,0.0005210307693419185
10.599894,0.0008766251749278899
10.619894,0.000594480652791862
10.639894,0.00010110069942424186
10.659893,0.0004196321679549897
10.679893,6.427086260258995e-05
10.699893,0.00015809370642069786
10.719893,0.0005335249418432369
10.739892,0.0007466717949835453
10.759892,0.0005472545455689172
10.779892,9.471375303805087e-05
10.799892,3.3384616666160428e-06
10.819892,-0.0007791790208388836
10.839892,-0.0014467780884272546
10.859891,-0.001510158041808842
10.879891,-0.0013910205126715907
10.899891,-0.000267850349520161
10.919891,-1.4959906635904038e-05
10.939891,-0.00019654498821833534
10.95989,-0.00040957529124185775
10.97989,-0.0007616731933337932
10.99989,-0.0009100414916990342
11.01989,-0.0013019995336517043
11.03989,-0.0013042139858658658
11.059889,-0.001076125407780216
11.079889,-0.0004892955709580266
11.099889,0.0005408675991869663
11.119889,0.0005138512821704877
11.139889,-6.899254066462129e-05
11.159888,-0.00043039114207617506
11.179888,5.457389290466241e-05
11.199888,0.00036415431250007025
11.219888,0.0009531986015470211
11.239887,0.0012632219115720112
11.259887,0.0012782801866330785
11.279887,0.001165343123691769
11.299887,0.0012428489511874163
11.319887,0.001267207925533121
11.339887,0.00015776736608882132
11.359886,0.00033536643366350184
11.379886,0.00047753426585135135
11.399886,9.886293718947952e-05
11.419886,0.0002521030304285252
11.439886,-0.0001952163168829485
11.459885,-0.00046537948704031403
11.479885,-0.00015934219100876467
11.499885,0.000268047086374727
11.519885,0.0008327324010521228
11.539885,0.0008880937064109267
11.559884,0.0015307277390331623
11.579884,0.0010856228439358497
11.599884,0.0010085599068761447
11.619884,0.00016042470875641526
11.639884,-0.0004972675989242375
11.659884,-0.0006899249415769455
11.679883,-0.00037325827491318137
11.699883,-0.000539342190995953
11.719883,-0.0005814167830724388
11.739883,-0.00045519300685411163
11.759882,-0.0006788526805167386
11.779882,-0.0007745170161822894
11.799882,-0.000615519347186954
11.819882,-0.0011877337993909083
11.839882,-0.0005610438227106346
11.859881,-0.0003063818180534587
11.879881,0.0009235249418337988
11.899881,0.00026140372972429304
11.919881,-0.00012612540779687422
11.939881,-0.0002833515150182307
11.959881,-0.0006133048949653725
11.97988,-0.0008723958040514012
11.99988,-0.0008329785546313791
12.01988,-0.0006868247084808296
12.03988,-0.0002744937061610551
12.059879,-0.0001659855476591986
12.079879,0.0006201449884565928
12.099879,-0.00040160326327617706
12.119879,-0.000332955244628695
12.139879,-0.00020230256397674496
12.159878,-0.0005278270394960944
12.17988,-0.0006159622376303163
12.199878,-0.0005185263401907865
12.219878,-0.0004454494171128617
12.239877,-0.0002372909089578443
12.259877,-0.00032144009310710583
12.279877,-0.0001797151513848791
12.299877,-0.00021514638681676082
12.319877,-2.4703496377154058e-05
12.339877,4.8816317138832856e-05
12.359876,-0.0005645869462559428
12.379876,-0.00048442377609482176
12.399876,-0.0007080834497463185
12.419876,-0.0011952629369126968
12.439876,-0.0011363118879567824
12.459875,-0.0009315333331837848
12.479875,-0.000607407459065336
12.499875,-0.0003401580418191371
12.519875,3.9911888236745025e-05
12.539875,0.0006055296038388876
12.559874,0.00019061118892392287
12.579874,0.0008072778555765125
12.599874,0.0007540377623367453
12.619874,0.0005605878788940275
12.639874,0.0006215435898548427
12.659873,0.000803944522252125
12.679873,0.0009850400933478717
12.699873,0.0007869981353146031
12.719873,0.0005286065269276996
12.739872,0.00023991188824166237
12.759872,-0.000740764102416012
12.779872,-0.0005661487178063512
12.799872,-0.0009009972026680399
12.819872,-0.0003346801863413317
12.839872,-0.00015055431220385251
12.859871,0.0007347603731048467
12.879871,0.0017327557110869021
12.899871,0.0013119165502560697
12.919871,0.0009634550118008568
12.939871,0.0006949002332441124
12.95987,3.54596738069014e-05
12.97987,-0.0003258223774846862
12.99987,-0.000666265267939906
13.01987,-0.00022069417235689962
13.03987,-0.00032360792526787475
13.05987,0.00016883962716969853
13.079869,5.811701644520067e-05
13.099869,-8.582237749383753e-05
13.119869,-0.00026297855464741597
13.139868,-0.0004959389276036907
13.159868,-0.0006137477854103249
13.179868,-0.0013268013984566716
13.199868,-0.0006934680651317938
13.219868,-3.799020966265221e-05
13.239867,0.00012145034977498534
13.259867,0.000462475990795584
13.279867,0.0009168815851929046
13.299867,0.0007995156178296326
13.319867,-0.00018015804182506135
13.339867,-0.0003878736595388364
13.359866,-0.0010871976688552627
13.379866,-0.0021771510487932125
13.399866,-0.0018786428902887514
13.419866,-0.0017789925406440704
13.439865,-0.0013250298366906425
13.459865,-0.0006761953378671651
13.479865,0.00016751095582636155
13.499865,-4.330489498458967e-05
13.519865,0.00029772074603865925
13.539865,0.0008960657343744876
13.559864,0.00017592587424812464
13.579864,-0.00039983170149848795
13.599864,-0.0002488060604741335
13.619864,0.00023040139872391397
13.639863,0.0006073011656197568
13.659863,0.0002086997670272527
13.679863,0.0006737347320599676
13.699863,0.0008535482518715998
13.719863,0.0007406111889393007
13.739862,0.00026007505841063643
13.759862,-0.00041267552433373354
13.779862,-0.0010858689975182859
13.799862,-0.0009131417247940899
13.819862,-0.0005960321676933238
13.839862,-0.0011035846152379367
13.859861,-0.0013033282049764914
13.879861,-0.0009157990674526736
13.899861,-0.00047512307678421385
13.919861,-0.000668223309881344
13.939861,-0.00023153333320049467
13.95986,-0.00031346806513506495
13.97986,-0.0004950531467174961
13.99986,-0.000532698834360889
14.01986,-0.0007209272725868644
14.03986,-0.0008697384613928176
14.05986,-0.00027803682969947314
14.079859,-0.0002536778553389283
14.099859,0.00032429417262661573
14.119859,0.0007100517483764541
14.139858,0.0010555062938264357
14.159858,0.0001489095572443664
14.179858,-0.00030726759893117306
14.199858,-0.0009720461537019124
14.219858,-0.0013905776222308784
14.239857,-0.0011314867131459099
14.259857,-0.0013622326338906731
14.279857,-0.001524773426429197
14.299857,-0.0010375939392606986
14.319857,-0.0005194121210891712
14.339857,-0.0003143538460297397
14.359856,-8.84797201593114e-05
14.379856,0.0001821263404398263
14.399856,0.0008043874126933674
14.419856,0.0009881869464920799
14.439856,0.0012517067600117315
14.459855,0.0004540610723817709
14.479855,0.0006449468532642099
14.499855,0.0006918932402076105
14.519855,0.00044387459219238863
14.539855,0.000160424708747405
14.559854,0.0007189095572235592
14.579854,0.000543967832284142
14.599854,0.0003424526807721387
14.619854,-0.00017617202784328095
14.639853,-0.00012302517469757842
14.659853,-0.0004596219112898547
14.679853,-0.0001801580418324814
14.699853,-0.0005322559439270671
14.719853,-0.000662908624578487
14.739852,-0.0007315566432254391
14.759852,-0.00010752400919738885
14.779852,-7.917902085188356e-05
14.799852,-8.58223774975477e-05
14.819852,0.00020692820524691354
14.839852,0.00035352494184029534
14.859851,0.0003424526807689586
14.879851,0.0001453664336863378
14.899851,0.00039559953391837105
14.919851,0.0005147370630588021
14.939851,0.0002197720280996495
14.95985,0.0005585832169060869
14.979851,0.0011281403264525175
14.99985,0.0015422428905462714
15.01985,0.0014580937063922398
15.03985,0.0008110307693369114
15.05985,0.0005740843823930262
15.079849,5.368811200415759e-05
15.099849,0.00039072773904085613
15.119849,-0.00010530955698375758
15.139849,-0.0007470578087213884
15.159848,-0.0010145636362233505
15.179848,-0.0008994121210705297
15.199848,-0.000987990209644934
15.219848,-0.001064610256268167
15.239848,-0.0010734680651242822
15.259847,-0.00123290862456245
15.279847,-0.0014587827504344685
15.299847,-0.000555286246950105
15.319847,-0.0002899948716596544
15.339846,-0.0006553794870402686
15.359846,-0.00043171981338400143
15.379846,0.0001772545455819216
15.399846,0.0007685132868319036
15.419846,0.0010984666667790456
15.439846,0.0009673710956869133
15.459845,0.0007016368299557506
15.479845,0.00010993519826293628
15.499845,0.0002937347320579388
15.519845,-6.722097889541226e-05
15.539845,-0.0008134913751584194
15.559844,-0.0007962186478847808
15.579844,-0.000146941258619531
15.599844,-0.0001934447551216895
15.619844,-0.0004481067597793954
15.639843,-0.0010703678320313466
15.659843,-0.0007802745919391089
15.679843,-0.0007709738926375112
15.699843,-0.0006952396269031227
15.719843,-0.0003812303028931725
15.739843,-4.9062470729749016e-05
15.759842,0.0006197020980264806
15.779842,0.0016653664336732528
15.799842,0.0011090960374101999
15.819842,0.0010913804196937293
15.839842,0.0009895156178290569
15.859841,0.0012224759907837413
15.879841,0.0011051100234204696
15.899841,0.00027867645700217157
15.919841,0.00027867645700588165
15.939841,9.310536143584e-05
15.959841,-0.0003015100231727636
15.979841,-0.0002749365966022974
15.99984,-0.0006292489509131644
16.01984,-0.00039894592061547334
16.03984,-0.0005362419579125575
16.059839,-0.0003794587411319135
16.079839,-0.0002209039625772904
16.099839,0.000117907226226497
16.119839,0.0004212871796010528
16.139838,0.0006892358975463769
16.159838,0.0008535482518562296
16.179838,0.0007875575758668012
16.199838,0.00036459720291428214
16.219838,-0.00039938881105936564
16.239837,-0.0011456592073170728
16.259837,-0.0012718829835348699
16.279837,-0.0007377571094150208
16.299837,-0.0003165682982338309
16.319837,-4.4190675860714124e-05
16.339837,0.0006135016318220587
16.359836,0.0012534783217888904
16.379836,0.0011888163171295488
16.399836,0.0008300750583924792
16.419836,0.00034466713299212995
16.439836,0.00012720792553498476
16.459835,2.9772028095985078e-05
16.479835,0.0005745272728416886
16.499835,0.00014669510501430453
16.519835,0.0005563687646797353
16.539834,0.000523151981461485
16.559834,0.00080881631712222
16.579834,0.0011254829837865138
16.599834,0.0013606578089596
16.619834,0.0013030820513914047
16.639833,0.001261007459322339
16.659833,0.0014341776224888374
16.679833,0.001228233566547981
16.699833,0.0006431752914997707
16.719833,0.0008517766900933805
16.739833,0.00016308205140386862
16.759832,6.077435909689397e-05
16.779832,0.000322079720394964
16.799832,0.0005479538462632722
16.819832,0.00045450396281718306
16.839831,0.0007711706294825371
16.859831,0.0005258093241232487
16.879831,0.0007029655012794772
16.899831,0.0011901449884564558
16.919831,0.0015254130537181148
16.939831,0.0010710074593239748
16.95983,0.0011750867134038686
16.97983,0.000641846620167564
16.99983,0.0002095855479129173
17.01983,0.0002649468532706612
17.039829,-0.0002687361304084757
17.059829,-0.0010043771560408583
17.079829,-0.0007253561770268474
17.099829,2.5786014102014614e-05
17.119829,0.00019186993018478624
17.139828,0.0002910773893972351
17.159828,0.0006148303031468453
17.179828,0.0011423128206242104
17.199828,0.00107587925419725
17.219828,0.0010276041959237623
17.239827,2.44573427910079e-05
17.259827,-0.0003187827504432222
17.279827,-0.0007988759905343545
17.299827,-0.0006615799532425701
17.319827,-0.0008684097900669708
17.339826,-0.0004786662003316422
17.359826,-0.00022621864789074754
17.379826,0.0006949934733069064
17.399826,0.00035795384627232803
17.419826,0.00048417762249436527
17.439826,0.0008097020980153047
17.459825,0.001625063403365976
17.479825,0.001454993473299834
17.499825,0.001094037762354433
17.519825,0.0009855296038531066
17.539824,0.0008110307693565218
17.559824,5.412588775353723e-07
17.579824,-0.0005087827504405266
17.599824,-0.0007169412585976641
17.619824,-0.00057964522130535
17.639823,-0.0001677571094252277
17.659823,0.00020427086259416016
17.679823,-0.00026563589730758974
17.699823,-0.0005455426572072652
17.719823,-0.0006673375290030998
17.739823,-0.0002133748250475519
17.759822,0.00010949230781639386
17.779822,0.0008712638695758804
17.799822,0.0011945738928800084
17.819822,0.0015816601399625833
17.839821,0.0019559025641982526
17.859821,0.0018739678322636823
17.879821,0.0010169748252814776
17.899821,0.0006648769231900719
17.919821,0.0006143874127003031
17.939821,0.0007428256411391518
17.95982,0.00030170676003050967
17.97982,0.0001050634033864813
17.99982,-0.00035819999986960456
18.01982,7.627552459761361e-05
18.039819,1.4270397478296734e-06
18.059819,0.00024280233112056757
18.079819,1.0284848606595095e-05
18.099819,0.0004686764569941759
18.119819,0.0010997953381075424
18.139818,0.0007388396271584313
18.159818,0.0005816135199370751
18.179818,0.00034953892786381496
18.199818,0.0005692125875335315
18.219818,0.00020869976702301267
18.239817,-0.00022134685301482255
18.259817,-0.00025013473180104023
18.279817,-0.0005712303028920668
18.299817,-0.00018813006979604216
18.319817,-0.00031258228424516034
18.339817,-0.00033029790196375126
18.359816,-0.0001221393938108538
18.379816,-0.00020628857796223534
18.399816,-2.0274591953601563e-05
18.419816,-0.0006850531467227506
18.439816,-0.0007253561770231373
18.459815,-0.0009866615383270375
18.479815,-0.0003134680651419551
18.499815,0.0003889561772727071
18.519815,0.00030702144534290696
18.539814,0.0006019864803041797
18.559814,0.000369026107350025
18.579814,0.00019408438240954776
18.599814,-7.430769103515631e-06
18.619814,-0.0002798083914776925
18.639813,-0.000264307225975913
18.659813,-8.00648017391382e-05
18.679813,0.0007835715618855507
18.699813,0.0010785365968436435
18.719813,0.0010315902099034227
18.739812,0.0005594689977933416
18.759812,0.00020028484861661964
18.779812,-0.00015358461525406516
18.799812,-0.00017528624696026645
18.819812,-0.000259435431108468
18.839812,-0.00032144009311240595
18.859811,-0.00046050769218028913
18.879811,-0.00048486666653659407
18.899811,-0.00023906247073341347
18.919811,0.00028354825187544666
18.939811,0.00016175338008862225
18.95981,0.0002662755246108183
18.97981,6.741771575262856e-05
18.99981,9.177669010893336e-05
19.01981,-0.0002031883448518093
19.039809,-0.0005902745919375644
19.059809,-0.0011213002329597077
19.079809,-0.0016044937061427155
19.099809,-0.0013011137527649797
19.119809,-0.0007452862469442293
19.139808,-0.0004644937061519993
19.159808,-0.0003077104893687053
19.179808,0.00011967878801213637
19.199808,0.00021490023322849461
19.219808,0.0003366951050174391
19.239807,0.0004407743590904427
19.259807,0.0006019864802999395
19.279807,0.0004288163171339714
19.299807,0.00018478368310689003
19.319807,0.00030879300711370597
19.339807,0.00024235944068091528
19.359806,-1.451701619148199e-05
19.379806,0.00025608904440871567
19.399806,8.11473194687686e-05
19.419806,-0.00013631188798572663
19.439806,-0.0001168247084984567
19.459805,0.00015112400944421742
19.479805,0.0002242009325189621
19.499805,0.0005523827506953051
19.519805,0.0005900284383418782
19.539804,0.0002782335665482092
19.559804,-5.614871782725554e-05
19.579804,3.0214918538817414e-05
19.599804,-0.00039983170149689786
19.619804,-0.0007762885779472584
19.639803,-0.0007563585080171563
19.659803,-0.0004591790208475523
19.679803,3.9072727394402816e-05
19.699803,0.0009137813520893685
19.719803,0.000800401398712647
19.739802,0.0008114736597829237
19.759802,0.0006870214453332755
19.779802,0.0006538046621176752
19.799802,0.0008110307693443314
19.819802,0.0009554130537240819
19.839802,0.0009199818182953803
19.859801,0.0006458326341477543
19.879801,0.0006436181819341231
19.899801,0.00041110069942068057
19.919801,0.00028310536142678436
19.939801,-0.0004857524474153684
19.9598,-0.00043880606047196785
19.9798,-0.0006053328669954519
19.9998,4.7930536257408335e-05
20.0198,0.00020072773905044177
20.039799,0.00017193986026104423
20.059799,-3.843310011078472e-05
20.079799,-0.0001868013984781455
20.099799,-0.0002731650348410384
20.119799,-0.0002975240091994633
20.139798,-0.000687267598934792
20.159798,-0.0004968247084898852
20.179798,-0.00037945874112343335
20.199798,-3.4452201607917564e-07
20.219798,0.00024590256422569356
20.239797,-0.00019477342644329618
20.259797,-0.00036085734252394797
20.279797,-0.0009742606059192536
20.299797,-0.0005955892772520817
20.319797,-0.0003737011653687337
20.339796,-0.00047556596723075616
20.359796,-0.0006735379951932114
20.379796,-0.0003054960371598439
20.399796,-4.197622364602273e-05
20.419796,0.00040755757587908255
20.439795,-0.0001221393938108539
20.459795,0.0005377673660871402
20.479795,0.0002100284383509795
20.499795,0.0007813571096719194
20.519795,0.0006529188812341308
20.539794,0.0003938279721481023
20.559794,4.0843824138333575e-06
20.579794,-0.0003232116548784349
20.599794,-0.000914470396128947
20.619794,-0.0006730951047556791
20.639793,-0.0009233282049855924
20.659793,-0.00018148671315302808
20.679793,-0.000465379487041374
20.699793,3.508671341527253e-05
20.719793,3.951561784041506e-05
20.739793,0.0003096787879967205
20.759792,0.00035795384627232803
20.779792,0.0006418466201596139
20.799792,0.0005311240094409461
20.819792,0.0007127090910265573
20.839791,0.0005089794873019826
20.859791,0.0007569981353203846
20.879791,0.0003761123544417013
20.899791,0.00016839673672633604
20.919791,-0.00012169650336431173
20.93979,0.0001551100234376578
20.95979,0.0011582568765709422
20.97979,0.0013172545455662776
20.99979,0.0013655296038402951
21.01979,0.0010710074593197347
21.039789,0.0004859491842688744
21.059789,0.00026450396282305856
21.079789,0.00023793053624782253
21.099789,3.1986015175686162e-06
21.119789,0.0001909841493028317
21.139788,0.001072779021084174
21.159788,0.001161357109663878
21.179788,0.0006564620047783788
21.199788,0.0007942009325156452
21.219788,0.0004580470863662015
21.239788,-0.0002284331001006689
21.259787,-0.00037857296023829885
21.279787,-0.0005933748250358003
21.299787,-0.0006974540791125141
21.319787,-0.00025677808844087413
21.339787,0.0002507743591010886
21.359786,-0.0001881300697971023
21.379786,0.00025254592087241767
21.399786,0.0003610540793774542
21.419786,0.0001816834500065343
21.439785,-0.00016642843809938092
21.459785,-0.0008068480185095751
21.479785,-0.0011695752912369056
21.499785,-0.0011031417248035845
21.519785,-0.0008418363635007446
21.539784,-0.00045386433553462504
21.559784,-0.00039407412574219835
21.579784,0.00013960885793693856
21.599784,0.00018168345001289425
21.619784,0.0005249235432503045
21.639783,0.000447417715746177
21.659783,0.00030790722623758157
21.679783,0.0005054363637593245
21.699783,0.0007202382285573561
21.719783,0.0006095156178365683
21.739783,0.0006608909092088218
21.759782,-9.468018634783292e-05
21.779782,-0.0007590158506730897
21.799782,-0.0009450298366833136
21.819782,-0.001170903962554272
21.839782,-0.001277197668847267
21.859781,-0.0011044703961236013
21.879781,-0.0007519296035914834
21.899781,-0.000227104428773762
21.919781,-0.00011638181805244418
21.93978,-0.0002603212119888323
21.95978,-0.0010096918413442452
21.97978,-0.0012244937061443968
21.99978,-0.001120414452067683
22.01978,-0.0012156358972898714
22.039779,-0.001107127738785365
22.059779,-0.0007948899765541637
22.079779,-0.0008413934730605624
22.099779,-0.0004100181816894602
22.119779,8.77906761144327e-05
22.139778,0.000375669463989329
22.159778,0.00020958554791026727
22.179778,0.0007747137530304954
22.199778,0.0010537347320487462
22.219778,0.0011618000001151904
22.239777,0.0012818233101333358
22.259777,0.0013216834499940704
22.279777,0.0009788862472000224
22.299777,0.0008083734266926381
22.319777,-0.00023286200452581152
22.339777,-0.00023419067586119847
22.359776,-0.001062838694495778
22.379776,-0.00108276876442429
22.399776,-0.0016208806525290997
22.419776,-0.0015522326338816173
22.439775,-0.001514144055798572
22.459775,-0.0010805543122133087
22.479775,-0.0004715799532479158
22.499775,-0.00035022797189491355
22.519774,-7.563589730551538e-05
22.539774,0.0009345972029114953
22.559774,0.0016228489511571147
22.579774,0.0019284433567479519
22.599774,0.0017911473194535178
22.619774,0.00172914265744958
22.639773,0.0010648069931216732
22.659773,0.0005882568765790291
22.679773,0.0002361589744828535
22.699773,-5.5705827382303264e-05
22.719773,-0.0005694587411281579
22.739773,-0.000658036829704152
22.759772,-0.000795332866997526
22.779772,-0.0012559389275971482
22.799772,-0.0008440508157127859
22.819772,-0.0005251696968343306
22.839772,-0.0001841440558116118
22.859771,0.0002941776225055412
22.879771,0.0007906578089761673
22.899771,0.0012534783217888904
22.91977,0.0010116601399754405
22.93977,0.0010382335665485567
22.95977,0.00023660186492621574
22.97977,-0.00047202284369021817
22.99977,-0.00044102051268824914
23.01977,-0.0007067547784194118
23.039769,-0.0005473142189807142
23.059769,-0.0004968247084898852
23.079769,-0.0005194121210775112
23.099769,-8.537948705418546e-05
23.119769,0.0002024993008180608
23.139768,0.00012455058285096066
23.159768,0.0007087230770389469
23.179768,0.0012756228439464042
23.199768,0.0016255062938368987
23.219768,0.0017583734267104302
23.239767,0.0018336648020056965
23.259767,0.00133319860154693
23.279767,0.0008756927740381236
23.299767,0.00028266247100409227
23.319767,-0.0007160554777157096
23.339766,-0.0006881999998828591
23.359766,-0.0009749132865655163
23.379766,-0.0008185030301553009
23.399766,-0.0009058923075433655
23.419766,0.00016240606073382523
23.439765,0.0002896787880053449
23.459765,0.0004395622378861521
23.479765,0.0007272079255264167
23.499765,0.0007092825176028052
23.519765,0.00027816363648799566
23.539764,0.0009183734266846894
23.559764,-0.00040607878773722195
23.579764,-0.0002641440558030845
23.599764,-0.0005978503495079752
23.619764,-0.0003770344987031914
23.639763,-0.001330647552298945
23.659763,-0.001230880652532178
23.679763,-0.0008164284380848868
23.699763,-0.0005062652679246298
23.719763,2.6019114348836507e-05
23.739762,0.0005647370630571165
23.759762,0.0005408675991917362
23.779762,0.0012565785548860665
23.799762,0.0011192825175863324
23.819762,0.0008384899767909222
23.839761,3.198601513328627e-06
23.859761,2.977202808962502e-05
23.879761,-0.00011815337983172357
23.899761,-0.0004640508157155272
23.91976,-0.00047246573412934036
23.93976,-0.0003028853145514728
23.95976,-0.0004717897434497562
23.97976,-0.0001422093238730429
23.99976,-0.00027123030289211093
24.019759,-0.00016528624695053343
24.039759,-0.00042715104881034164
24.059759,-0.00025917902083945484
24.079759,0.00013091421924464125
24.099759,-0.0002586895103548903
24.119759,-0.0001710671327406743
24.139759,0.00016657855489525452
24.159758,8.11473194687686e-05
24.179758,0.00014536643368739786
24.199758,7.627505952781583e-06
24.219758,0.00039737109569076026
24.239758,0.00019364149196353543
24.259757,0.00047709137541116913
24.279757,0.0006104013987169327
24.299757,-3.6661538336805655e-05
24.319757,0.0004938745921869929
24.339756,0.0005083268066429997
24.359756,0.0003369981353202343
24.379756,-2.011142178130331e-05
24.399756,0.00011462051295285197
24.419756,-5.556596723272619e-05
24.439756,9.513333346505202e-05
24.459755,0.0003390727274012489
24.479755,0.00017401445234205862
24.499755,-6.477342644025915e-05
24.519755,0.0005771379954543003
24.539755,0.00023040139872762408
24.559754,-0.00015712773879566323
24.579754,-0.0003586428903076666
24.599754,-0.0008081766898359519
24.619754,-0.000987547319204752
24.639754,-4.2908624581899577e-05
24.659753,1.3618181947943004e-05
24.679753,-0.000372512354176034
24.699753,-0.0003646801863387302
24.719753,0.0002443874127191375
24.739752,0.000265972494306433
24.759752,0.0002700750584102992
24.779752,0.00023233613066966138
24.799752,0.00043886293718702676
24.819752,0.0007342009325144881
24.839751,0.001047487645790402
24.859751,0.00021578601410143902
24.879751,-0.0006257058273805764
24.899751,-0.0010225356642028114
24.919751,-0.0008785962702653632
24.93975,-0.0016895286711850618
24.95975,-0.001561090442747803
24.97975,-0.0010557524474178817
24.99975,-2.5589277270238794e-05
25.01975,0.00048816363647614583
25.03975,0.0006608909092019318
25.059749,0.00017371142202972324
25.079749,6.298881131105546e-05
25.099749,-0.0007280135196955013
25.119749,-0.0003090391607046224
25.139749,-0.0005437710954147358
25.159748,6.343170179098825e-05
25.179748,0.0009593524477044107
25.199748,0.0013879072262615914
25.219748,0.0012763687647259524
25.239747,0.0008993291376863625
25.259747,0.0005481636365106935
25.279747,-0.000265705827360383
25.299747,-0.0009206009322699756
25.319747,-0.001142885314528453
25.339746,-0.0014911370627733451
25.359746,-0.0011123491839904473
25.379746,-0.0004095519812053564
25.399746,-0.00023123030288285938
25.419746,0.00011049463883474459
25.439745,0.0007821962705248618
25.459745,0.0014326624709732711
25.479745,0.0010136648019787513
25.499745,0.0013778839161872661
25.519745,0.0007786997670133355
25.539744,0.000825203263516024
25.559744,0.0013571146854195917
25.579744,0.0012862522145611283
25.599744,0.0013748303031413628
25.619744,0.0011046671329845274
25.639743,0.0012144573427726184
25.659743,0.0006535948719200747
25.679743,-2.48433565065911e-05
25.699743,-0.00041782703948178276
25.719743,-0.00042924895090559696
25.739742,-0.00041386433552431336
25.759742,-0.0006019762236382728
25.779742,-0.000890391142048476
25.799742,-0.0004978503495177069
25.819742,-0.0004018130534870276
25.839741,-3.9808391492143834e-05
25.859741,-0.00019924895093031148
25.879741,-0.0003176638693372359
25.899741,-0.00046778041944949467
25.919741,-0.0006195519812125865
25.93974,-0.001459994871638759
25.95974,-0.0019368013984345158
25.97974,-0.0016912303028627869
25.99974,-0.0015200414916789987
26.01974,-0.0007974307690800614
26.039739,-0.0003135146851752072
26.059739,0.00013100745933393595
26.079739,0.0007240144523341158
26.099739,0.000913291841604274
26.119739,0.0011135249418390528
26.139738,0.0010913804196947892
26.159738,0.0007547836831019832
26.179738,0.0010249468532619985
26.199738,0.0007370680653865723
26.219738,0.0006972079255268978
26.239737,-9.113706280888513e-05
26.259737,8.601911434522356e-05
26.279737,0.0008256461539636265
26.299737,0.0006883501166691923
26.319736,0.0013172545455662776
26.339736,0.001113524941839053
26.359736,0.0009142242425406807
26.379736,0.0009629421912580607
26.399736,0.0009009375292541226
26.419736,0.0003012638695855574
26.439735,-0.0006159622376255463
26.459735,-0.0008400648017241154
26.479735,-0.0008334214450837513
26.499735,-0.0012386662003261598
26.519735,-0.0009592023308693165
26.539734,-0.0011434447551066213
26.559734,-0.0007780601397275977
26.579734,-0.0004658223774942764
26.599734,0.00047089090920780736
26.619734,0.0007078372961516924
26.639733,0.0006387463870672082
26.659733,0.00019629883462476928
26.679733,1.559953392323252e-05
26.699733,-0.0005092256408939589
26.719733,-0.0007594587411228121
26.739732,-0.0012935846152368313
26.759732,-0.0014410671327206475
26.779732,-0.0014366382282891446
26.799732,-0.001339202330852795
26.819731,-0.001308199999850296
26.839731,-0.0005508573425170122
26.859731,-0.0004357058273684318
26.879731,-0.0002452629369304153
26.899731,0.0002946205129478434
26.91973,0.0009478839162022935
26.93973,0.0012955529138653763
26.95973,0.0014970680653757897
26.97973,0.0008345039628213321
26.99973,0.00028089090921474294
27.01973,-0.00033915571082463684
27.039729,-0.00021957529124561352
27.059729,-0.0006403212119866213
27.079729,-0.0010389226105833654
27.099729,-0.0007687594404233501
27.119729,-0.0001885729602436445
27.139728,-0.00021957529124561352
27.159728,0.0003340377623609755
27.179728,0.0004226158509380298
27.199728,0.00011436410269178901
27.219728,6.343170175759775e-05
27.239727,0.00032872307704592823
27.259727,0.0003836414919618998
27.279727,0.0003389095572273602
27.299727,0.0005647836830930187
27.319727,0.001020960839261138
27.339726,0.0009456694639690519
27.359726,0.001144970163267954
27.379726,0.0011166251749240386
27.399726,0.000162196270513434
27.419726,4.527319359564453e-05
27.439725,0.00021180000012548862
27.459725,-5.1276922942850294e-05
27.479725,-0.0004272909089498487
27.499725,-0.00034934219100288884
27.519725,-0.00021204615370845468
27.539724,-0.0005176405593003519
27.559724,-0.0005885030301641154
27.579724,-0.0005840741257384426
27.599724,-0.0007040974357597682
27.619724,-0.00037857296024094886
27.639723,0.00021711468543735593
27.659723,0.0003960424243649134
27.679723,0.00030923589756130836
27.699723,0.0004354596737812255
27.719723,0.0008495622378770992
27.739722,0.0005860424243590378
27.759722,0.0011002382285461346
27.779722,0.0010320331003420148
27.799722,0.0007729421912586363
27.819722,0.0006068582751806345
27.839721,0.0006932219115467074
27.859721,0.00035441072274239007
27.879721,0.0002680470863821472
27.899721,0.00023084428917681632
27.919721,0.00031942237775175065
27.93972,0.00019098414931184192
27.95972,0.00040800046632138493
27.97972,0.00025254592086817746
27.99972,0.0001701682984934251
28.01972,3.73011656278438e-05
28.039719,0.00024103076935506846
28.059719,-0.0001557990674682265
28.079719,0.0003823128206349931
28.099719,0.000375669463989859
28.119719,-1.628857796493106e-05
28.139719,0.00030387459218968866
28.159718,-0.0003172209788938738
28.179718,-0.0005288526805170259
28.199718,-0.00026325827492643014
28.219718,-0.000533771095432563
28.239717,-0.000378875990536324
28.259717,-0.00037698787864396907
28.279717,0.00024163682996807914
28.299717,0.0006231053614280417
28.319717,0.0002651799535021129
28.339716,0.0004921030304172539
28.359716,-6.279207446708952e-05
28.379716,-0.00042374778541779057
28.399716,-0.00030771048938725565
28.419716,-0.0004441673658409374
28.439715,-0.0007353095569709976
28.459715,-0.0010262186478690763
28.479715,-0.0010330018646505373
28.499715,-0.0005328853145378884
28.519715,-0.0007190158506659584
28.539714,-0.00032738414903827457
28.559714,-0.00018752400918515172
28.579714,0.00029359487192161184
28.599714,0.001407347785649888
28.619714,0.0014600517483543483
28.639714,0.0010217067600221356
28.659713,0.0007642475525689891
28.679713,0.000511450349777207
28.699713,0.0005511939395222155
28.719712,-0.0003123258739862175
28.739713,-0.00032083403249356533
28.759712,-0.0003552396269034555
28.779712,-0.00017948205115183728
28.799712,9.128717961111852e-05
28.819711,-0.00019610209777126312
28.839711,-9.866620034074358e-05
28.859711,0.0005258093241243088
28.879711,0.0007118233101340027
28.899711,0.0012521496504529735
28.919711,0.0013407277390300278
28.93971,0.0016241776224776617
28.95971,0.001584317482620107
28.97971,0.0008181170164317678
28.99971,0.00043014498847041824
29.01971,0.0006276741259953412
29.039709,0.0004376741259937969
29.059709,0.0006303314686475647
29.079709,0.0008787930071034991
29.099709,0.0013349701632774484
29.119709,0.0011622428905543125
29.139708,0.0003606111889340917
29.159708,0.0003535249418519555
29.179708,-0.00013144009310768164
29.199708,-0.00048796689963006
29.219707,-2.9132400804946976e-05
29.239707,2.8443356768018298e-05
29.259707,0.00020294219126460307
29.279707,0.000904923543233253
29.299707,0.001566601864904696
29.319707,0.0011591426574502467
29.339707,0.0012822195805227755
29.359706,0.001363105361414753
29.379706,0.0008511939395115713
29.399706,0.00017298881131794697
29.419706,-0.00019146340313102954
29.439705,-0.0010451930068432304
29.459705,-0.0018984564100909375
29.479705,-0.001904889976525221
29.499705,-0.001634493706133224
29.519705,-0.0015585030301467828
29.539706,-0.0005962652679258355
29.559704,-0.00038903916069980496
29.579704,-0.00020465687632246322
29.599704,0.0002988396271642556
29.619704,0.0003153897437091578
29.639703,-0.0002417198133898771
29.659703,-0.0006004610721269468
29.679703,-0.0007537011653633427
29.699703,-0.00029088065255061926
29.719702,0.0005041076924265877
29.739702,0.0007100517483669137
29.759702,0.0008451333334461264
29.779702,0.0008491193474337369
29.799702,0.001292009790316888
29.819702,0.0010528489511577816
29.839701,0.0008092592075708824
29.859701,0.00040180000011749283
29.879701,0.00023350163182320985
29.899701,0.00022951561783559937
29.919701,0.0003982568765737748
29.9397,-0.0002173608390330422
29.9597,3.774405607067608e-05
29.9797,0.00019054125887218976
29.9997,0.00038186993019746095
30.0197,0.0001493524476866685
30.039699,0.00011170676004380555
30.059699,-0.0004246335662875549
30.079699,-0.0004866382282946729
30.099699,-0.0006770811187395796
30.119699,-0.00031833986000781003
30.139698,-0.0003719296035984648
30.159698,2.0028438351025195e-05
30.179698,0.0002831053614251943
30.199698,0.00038497016328721675
30.219697,9.399114231673454e-05
30.239697,-0.00014339813506839292
30.259697,-4.1090442765658204e-05
30.279697,-0.00015314172482024295
30.299697,-7.962191130107585e-05
30.319696,-0.0004653794870477339
30.339696,-0.0004804377621061512
30.359696,-0.0011381300697868037
30.379696,-0.0010739109555649945
30.399696,-0.0012089925406420874
30.419696,-0.001543374825018082
30.439695,-0.0014344237760712732
30.459695,-0.0006943538460169282
30.479695,8.513333345743906e-05
30.499695,0.0007671846155012868
30.519695,0.0007733850817083587
30.539695,0.0009819864803062084
30.559694,0.00040357156190207216
30.579694,0.0008198885782152872
30.599694,0.0007313104896382329
30.619694,0.000297277855609607
30.639693,-0.0002386195802836912
30.659693,-7.032121199046805e-05
30.679693,0.00034422424254399776
30.699693,3.597249429775697e-05
30.719693,-0.00026563589730334975
30.739692,-0.0002341906758590784
30.759692,-0.00028025128191787454
30.779692,-6.722097888746197e-05
30.799692,-0.0002638643355251303
30.819692,-0.0011961487177930613
30.839691,-0.0020177104893423243
30.859691,-0.002309575291205361
30.879691,-0.00296062424224671
30.899691,-0.002934493706114836
30.919691,-0.0022236545452868905
30.93969,-0.0006686662003241761
30.95969,-0.00020407412573853373
30.97969,0.0005771846155103428
30.99969,0.0007051799535042391
31.01969,0.00013119393952630548
31.039689,-5.65916082605476e-05
31.059689,-0.0005876172492821606
31.079689,-0.0016288526805000804
31.099689,-0.0017037011653477441
31.119689,-0.002031440093080195
31.139688,-0.001965006526646874
31.159688,-0.0022905310021662235
31.179688,-0.002262186013817538
31.199688,-0.002007524009160892
31.219687,-0.0013365449881936812
31.239687,-0.00046892261058509207
31.259687,0.00031897948730308834
31.279687,0.0008699351982500339
31.299687,0.0009009375292477627
31.319686,0.0005550400933549487
31.339686,0.0005173944057089057
31.359686,0.00036902610734207484
31.379686,-0.0007674307690964432
31.399686,-0.0005544004660692106
31.419686,-0.0004990391607066967
31.439685,-0.0005411137527784123
31.459685,-0.00023729090896102437
31.479685,0.00027646200478589054
31.499685,-0.00030815337982266776
31.519685,-0.00014871282038397013
31.539684,-0.00024171981338987704
31.559684,9.044801877407623e-05
31.579684,-0.0002018596735302029
31.599684,0.00020559953392424693
31.619684,-4.2419114091505044e-05
31.639683,-0.00028423729590495506
31.659683,0.0002095855479097373
31.679683,0.00020294219126460329
31.699683,1.4713753037037918e-05
31.719683,-3.6218647895563254e-05
31.739682,-0.0007426289042978358
31.759682,-0.0007359855476542917
31.779682,-0.0010685962702584274
31.799682,-0.0013697617714214718
31.819682,-0.0018392256408798597
31.839681,-0.0015557757574322256
31.859681,-0.0011567314683952994
31.879681,-0.0009375006991673553
31.899681,-0.00020451701619196623
31.919681,-3.843310010919458e-05
31.93968,-0.0001646568763301719
31.95968,-0.00022444708611782843
31.97968,-0.0003764051280738198
31.99968,-0.0007583398600014558
32.01968,-0.0008491090907720702
32.03968,-0.0008344004660634807
32.059679,-0.000729924941585137
32.079679,-0.0005004144520721557
32.099679,-0.0002908340324966967
32.119679,0.000306601864929686
32.139678,0.00014287226120906284
32.159678,5.804708638710725e-05
32.179678,2.019160852597351e-05
32.199678,0.00010014498847889404
32.219677,0.0005165552448771637
32.239677,0.00012669510502610925
32.259677,-4.6848018507637476e-05
32.279677,-0.0004819529136021071
32.299677,-0.0007849832166294853
32.319676,-0.0005755659672120146
32.339676,-0.0010938410254680664
32.359676,-0.0009651696967961759
32.379676,-0.00101039114202111
32.399676,-0.0009961720277992048
32.419676,-0.0006917431233809964
32.439675,-0.001002675524308012
32.459675,-0.0009456825173242763
32.479675,-0.0009431417247883087
32.499675,-0.0005184331000924818
32.519675,0.0006168582751781775
32.539675,0.0009312172495374256
32.559674,0.0007595156178442313
32.579674,0.0007218699302029583
32.599674,0.0003688396271836258
32.619674,0.0005046205129624937
32.639673,0.00015345501180643508
32.659673,-0.00022241911406635625
32.679673,-0.00011507645672334836
32.699673,-0.00013894592059561858
32.719672,0.0001505645689105698
32.739672,-0.00046759393923274505
32.759672,-0.0005158689975115326
32.779672,-0.000536358508004433
32.799672,-0.0007660787877229648
32.819671,-0.0005433515149946245
32.839671,-0.0003761020977519443
32.859671,0.00014322191156101034
32.879671,0.0006040610723957944
32.899671,-0.00048475011641556815
32.919671,-0.00018987832152503982
32.93967,7.772074609006699e-05
32.95967,0.0005358559442240049
32.97967,-0.0002190158506218646
32.99967,-6.586899747476334e-05
33.01967,0.00021501678340676129
33.039669,0.0010008909092556596
33.059669,0.0013084666668159565
33.079669,0.0007957860141295857
33.099669,-0.0002107407924032092
33.119668,4.263916098999279e-05
33.139668,-0.0003277571094007532
33.159668,-0.0011181999998291412
33.179668,-0.0017962652678853788
33.199668,-0.0017086428902711626
33.219668,-0.0009230951047398305
33.239667,-0.00034701118866664154
33.259667,0.00025662517495992287
33.279667,0.0008090727273986533
33.299667,0.0008152265735544529
33.319666,0.0011547370630605454
33.339666,0.0009751333334613537
33.359666,0.0009097487180828158
33.379666,0.0010169515152804868
33.399666,0.00055704475538529
33.419666,0.0006149701633102029
33.439665,-0.00025892261056514166
33.459665,-0.0003339575755972247
33.479665,-0.0014871277387481733
33.499665,-0.0017971510487673331
33.519665,-0.0017822093238304719
33.539665,-0.0020109972026147163
33.559664,-0.0013474773891112009
33.579664,-0.0004806941723460137
33.599664,-9.75706292293881e-05
33.619663,0.00037189324022581936
33.639663,0.0003089794873156158
33.659663,0.000283688112027144
33.679663,-0.00026645174810389043
33.699663,-5.095058260408365e-05
33.719663,-0.0008423258739619888
33.739662,-0.0010688060604332375
33.759662,-0.0008549365965657826
33.779662,-0.000963444755069759
33.799662,-0.0011897617713808998
33.819662,-0.001322628904249131
33.839661,-0.0017212303028495855
33.859661,-0.0015086428902694252
33.879661,-0.0011321860138227748
33.899661,-0.0006764517480958977
33.919661,-1.4773426424984505e-05
33.93966,0.0010641076924400382
33.95966,0.0010127324010709648
33.97966,0.0007762289045720321
33.99966,-3.2046153687492865e-05
34.01966,-0.0005697151513494701
34.039659,-0.0014670111886315317
34.059659,-0.0013319296035533789
34.079659,-0.001400577622202981
34.099659,-0.0011104843821160434
34.119658,-0.0006210904427312638
34.139658,0.0001827557111015285
34.159658,0.0005698419581835735
34.179658,0.0010499351982715254
34.199658,0.0011712871796229379
34.219658,0.0016230354313659144
34.239657,0.0010339911423295637
34.259657,0.0007527557110966214
34.279657,0.00021685827520279315
34.299657,-7.98783215319286e-05
34.319657,-0.00029689463854624157
34.339656,0.0003036648020048084
34.359656,0.00011543636378254322
34.379656,0.00030366480201328856
34.399656,0.0005499118882577115
34.419656,0.0004436181819673665
34.439655,-0.00024286200450268413
34.459655,-0.0004288759905123778
34.479655,-0.0008668946385286142
34.499655,-0.0013208573424873422
34.519655,-0.001387733799362965
34.539654,-0.0008562652679054098
34.559654,-0.001147244288879072
34.579654,-0.0005581999998453712
34.599654,-0.0003854727271227656
34.619653,-0.00011088065253548739
34.639653,0.0005561123544472931
34.659653,0.0006584200467547979
34.679653,0.00018452727287338757
34.699653,-0.00030708111872343344
34.719653,-0.0008916965033261613
34.739652,-0.0007672442888743932
34.759652,-0.0006162186478500386
34.779652,-9.9365501005418e-05
34.799652,-0.0003163818180170809
34.819651,-0.0005644004660328329
34.839651,7.779067614869037e-05
34.859651,2.0564104158920897e-06
34.879651,-0.00026190629354182166
34.899651,-0.0004789226105566646
34.919651,-0.0007092256408591257
34.93965,-0.00019104382268653842
34.95965,0.0007168815852240277
34.97965,0.0008537347320750996
34.99965,0.0005658559441996732
35.01965,1.268578103644642e-05
35.039649,-0.0001423258739691583
35.059649,-0.00101039114202111
35.079649,-0.0018695986012164162
35.099649,-0.0024763585079681776
35.119648,-0.002411696503308836
35.139648,-0.001926731468348139
35.159648,-0.00145505314667559
35.179648,-0.0011800181816475999
35.199648,-0.0008345636361981482
35.219648,-0.001255752447380398
35.239647,-0.0013957058273291758
35.259647,-0.001825309556927889
35.279647,-0.00184302517464436
35.299647,-0.0016525822842058135
35.319647,-0.0007357990674364818
35.339646,-5.419067583546639e-05
35.359646,0.0002004713288217095
35.379646,0.0003550400933881922
35.399646,5.786060621169801e-05
35.419646,6.893286728197472e-05
35.439645,0.00016858321692983568
35.459645,0.00019737109571658332
35.479645,0.0004901216784615747
35.499645,0.00020224289058879837
35.519644,0.00018009836844718483
35.539644,0.00018009836844983494
35.559644,-0.00020078741242884828
35.579644,-0.0004443771560130976
35.599644,-0.0006698083914438736
35.619644,-0.00028227925392005623
35.639643,0.00013182331017634743
35.659643,0.000532639160985663
35.679643,0.00011145034980129294
35.699643,-0.00042666153830669674
35.719642,-0.0007632582748989729
35.739642,-0.0006144470860908998
35.759642,-0.000969202330837179
35.779642,-0.0008301347317692957
35.799642,-0.000588759440399208
35.819642,-0.00044482004646334984
35.839641,0.00036345501180094514
35.859641,0.0007864153847555843
35.879641,0.0006956228439638386
35.899641,0.0007337114220474138
35.919641,0.0004896787880198023
35.93964,0.0005494689978101091
35.95964,0.00045380466215303843
35.97964,0.0004542475525964008
35.99964,0.00040818694653442457
36.019639,-0.0002543771560200333
36.039639,-0.0002857757574204522
36.059639,0.00038403776238314023
36.079639,0.00011026153860859301
36.099639,-0.0001858923075427295
36.119638,-0.00014568251733375754
36.139638,5.550629385484956e-05
36.159638,0.0006289328672731649
36.179638,0.0006130820514220879
36.199638,0.0005261356644773857
36.219638,0.0004832452215892288
36.239637,0.0005247137530553542
36.259637,0.0008484200467579322
36.279637,0.0002394456877914792
36.299637,-0.00025260559425082415
36.319636,-0.000332325873970703
36.339636,-0.00039875944040296355
36.359636,-0.00036731421896134237
36.379636,-0.00047316503481362524
36.399636,-0.0008832815849213583
36.419636,-0.0005240974357435763
36.439635,-0.0007676871793278255
36.459635,-0.0008518363634733769
36.479635,-0.0016136079252333936
36.499635,-0.0016136079252307436
36.519635,-0.0013740041956319846
36.539634,-0.0011060554776871905
36.559634,-0.00034384102548487187
36.579634,-6.039114203776829e-05
36.599634,-8.032121196522039e-05
36.619633,3.970209805610513e-05
36.639633,-0.00028626526790289633
36.659633,-0.000990461072088888
36.679633,-0.0017300881117067609
36.699633,-0.001743374824993849
36.719632,-0.0015485030301259195
36.739632,-0.0013447734264013449
36.759632,-0.0004935379951833793
36.779632,-0.0009368713285067129
36.799632,-0.001218106759737535
36.819631,-0.0015972209788427693
36.839631,-0.0015485030301237996
36.859631,-0.001854097435714107
36.879631,-0.0011188993005250866
36.899631,-0.00030840979004663016
36.919631,0.0005614270397793007
36.93963,0.000964014452357825
36.95963,0.0015442009325285202
36.97963,0.0011712871796197577
36.999629,0.0011004247087559942
37.019629,0.0008054596737952517
37.039629,0.0007412405595745022
37.059629,0.0003333384616782805
37.079629,0.00028019160853045785
37.099629,0.0007009375292719956
37.119628,0.000590214918553328
37.139628,0.0005507976691364858
37.159628,0.00045601911435765973
37.179628,-4.58694624143237e-06
37.199628,0.00010613566448253544
37.219627,0.0003169515152977267
37.239627,0.0005924293707727894
37.259627,-0.0006011603727963915
37.279627,-0.0007623724940053582
37.299627,-0.0006365916082219131
37.319627,-0.0005147967364297886
37.339626,-0.0005214400930749225
37.359626,-0.0008159622375960129
37.379626,-0.00103962191125599
37.399626,-0.0004306475522921871
37.419626,0.0004927790211196284
37.439625,0.000700937529274116
37.459625,-0.00015029790194384947
37.479625,0.00026823356658405695
37.499625,0.00014200979036360967
37.519625,7.380466215683983e-05
37.539624,-0.00014764055928632585
37.559624,-0.00039123030287375505
37.579624,-0.0004576638693070758
37.599624,0.0003466251749701388
37.619623,0.0006898652682080792
37.639623,0.0003377673661156134
37.659623,0.00044583263418523765
37.679623,0.0008785365968811268
37.699623,0.0004799351982870326
37.719623,-0.00013125361289305164
37.739623,-0.0008708806525109247
37.759622,-0.0009771743588039199
37.779622,-0.000853165034797634
37.799622,6.361818197222775e-05
37.819622,0.00022527319362455664
37.839621,-0.0002087594404019492
37.859621,0.00019427086262364772
37.879621,0.0005131519814999831
37.899621,0.00022040139875552177
37.919621,-0.0002893655010032526
37.93962,-0.0009404144520472515
37.95962,-0.00015826992991642031
37.97962,-0.00011176643341373187
37.99962,0.0003643407926871398
38.019619,0.00033289557124286843
38.039619,8.000512835596146e-05
38.059619,-2.407412572287223e-05
38.079619,8.886293721260699e-05
38.099619,-0.00014365454530189555
38.119618,-8.829323994044162e-05
38.139618,0.0004104013987448758
38.159618,0.0010100750584118511
38.179618,0.001151800000134078
38.199618,0.0009547137530525173
38.219617,0.0003678839162324478
38.239617,0.0002925925409424816
38.259617,0.0006163454546878521
38.279617,0.00018231282066134597
38.299617,0.00019559953394896422
38.319616,0.0009750867134281018
38.339616,0.001125669464010154
38.359616,0.0008510773894223457
38.379616,0.0005786997670460491
38.399616,-0.00013479673644206997
38.419616,-0.0005843305359719453
38.439615,-0.0008168480184875078
38.459615,-0.0003447268063768966
38.479615,-0.0007676871793325956
38.499615,-0.000410717482366325
38.519614,-7.81067597563591e-05
38.539614,-0.0002242606059016085
38.559614,-0.0004740508156849794
38.579614,-0.0011538876455067157
38.599614,-0.0015524890441008096
38.619613,-0.0018292955709059595
38.639614,-0.0020529552445664664
38.659613,-0.0010276638692920986
38.679613,-0.0005958456874855842
38.699613,-0.00039477342641906316
38.719612,0.0001052498835968711
38.739612,0.0004967650351082989
38.759612,9.373473208164194e-05
38.779612,-8.572960221092728e-06
38.799612,-0.0002056592073026533
38.819611,-0.0003890158506590638
38.839611,-0.00020743076907610243
38.859611,0.00041527319361868084
38.879611,-2.8060139705182534e-05
38.899611,-0.0002654494170903099
38.919611,-0.00010202284366665185
38.93961,-8.873613038486383e-05
38.95961,8.699767046185777e-06
38.97961,0.0007527557110907916
38.99961,0.00042944568778295345
39.019609,0.00011942237776273353
39.039609,0.0005162522145865586
39.059609,-3.0717482372776364e-05
39.079609,-0.0002813934730365117
39.099609,-0.0006618363634713026
39.119608,-0.0010710671326960213
39.139608,-0.0009421860138180502
39.159608,-0.0006538643355019115
39.179608,-0.000600717482354089
39.199608,-0.0009860321676637453
39.219607,-0.000713211654848856
39.239607,-0.0007862885779241308
39.259607,-0.0010458223774508716
39.279607,-0.0009218130534419356
39.299607,-0.001152116083742277
39.319606,-0.001119342190967919
39.339606,-0.0007318130534478115
39.359606,8.531981367047885e-05
39.379606,0.0008045738929154175
39.399606,0.0009595855479226123
39.419605,0.0009374410257756988
39.439605,0.00013536643371264538
39.459605,-0.00011486666651673783
39.479605,-0.00039167319331870744
39.499605,-0.0005356125872545655
39.519604,-0.0006618363634744827
39.539604,-0.000845193006830893
39.559604,-0.00033144009308397836
39.579604,0.00013359487194555654
39.599604,6.273240108391307e-05
39.619603,-2.584568749314118e-05
39.639603,-0.0004510205126630016
39.659603,-0.00029157995322430394
39.679603,-0.00022514638679151322
39.699603,-0.0002517198133646296
39.719602,-0.00025614871779348235
39.739602,-0.0002986662003085603
39.759602,-0.000128153379800116
39.779602,0.0004143874127324862
39.799602,0.0012005179488525177
39.819602,0.00174305874138618
39.839601,0.0016832685315964033
39.859601,0.0011495855479199165
39.879601,0.00036965547800165685
39.899601,-8.652167817123253e-05
39.9196,-0.0002592489508964883
39.9396,-0.0005072675989111801
39.9596,-0.0007300414916870826
39.9796,-0.0008868247084682567
39.999599,-0.0001671277387751857
40.019599,0.00046399114234030087
40.039599,0.000694737063085064
40.059599,7.026153862213177e-05
40.079599,-0.0005232116548398915
40.099599,-0.0002836079252406029
40.119598,-0.00018395757559274185
40.139598,-0.00036775710939304467
40.159598,-0.00021761724925753472
40.179598,-9.901631547999646e-06
40.199598,0.0004701916085383625
40.219597,0.0011433850817207949
40.239597,0.0013107976691283474
40.259597,0.001225098368428377
40.279597,0.0008422195805545638
40.299597,0.00011809370644059254
40.319597,-0.000991346852979852
