time,raw_wavelength_shift,moving_average,butterworth,savitzky_golay,median
0.02,0.0002468000000135362,0.00032280000000355357,0.0002470447076930982,-9.86545454481044e-05,0.0002468000000135362
0.039999,0.00043679999998857966,0.00032280000000355357,0.0005387506716579849,0.00028400279720667795,0.0002468000000135362
0.059999,0.00043679999998857966,0.00032280000000355357,0.0007954678196137985,0.0006028839160846027,0.00043679999998857966
0.079999,-0.0016531999999642721,0.0007027999999991152,0.0009694021226241847,0.000834737062934591,0.00043679999998857966
0.099999,0.0021467999999913445,0.0010827999999946769,0.0010034208144912488,0.0009563104895055635,0.0021467999999913445
0.119999,0.0021467999999913445,0.0010827999999946769,0.0008543246605764967,0.000944352447546444,0.0021467999999913445
0.139998,0.002336799999966388,0.0007027999999991152,0.0005248279525194574,0.0005568233100231566,0.0021467999999913445
0.159998,0.00043679999998857966,0.0003607999999985623,8.141402127166291e-05,0.0003911822843832172,0.00043679999998857966
0.179998,-0.0035531999999420805,-0.00039919999999256107,-0.00035916648565992754,-8.226759906278098e-05,0.00043679999998857966
0.199998,0.00043679999998857966,-0.0008171999999831315,-0.0006714808320959644,-0.0010747850815649108,0.0002468000000135362
0.219998,-0.0016531999999642721,-0.0012351999999737017,-0.0007693813284662074,-0.0010792139859927036,-0.0016531999999642721
0.239997,0.0002468000000135362,-0.00047519999998257845,-0.0006367844089815114,-0.0008294237762003223,0.0002468000000135362
0.259997,-0.0016531999999642721,-9.519999998701678e-05,-0.00032991542264545256,-0.00018900419579012808,0.0002468000000135362
0.279997,0.0002468000000135362,0.0002848000000085449,4.657705729703204e-05,0.0004155412587474722,0.0002468000000135362
0.299997,0.002336799999966388,0.00032280000000355357,0.0003787126703312864,0.0003375925407999823,0.0002468000000135362
0.319997,0.0002468000000135362,0.0007027999999991152,0.0005822067858368582,0.0008407160839109724,0.0002468000000135362
0.339997,0.00043679999998857966,0.000740799999994124,0.000626281490136862,0.0005767533799506088,0.00043679999998857966
0.359996,0.0002468000000135362,0.0003607999999985623,0.0005342066328352821,0.0005187347319316312,0.00043679999998857966
0.379996,0.00043679999998857966,-1.9199999996999395e-05,0.00036383402074001187,0.00011570442890338427,0.00043679999998857966
0.399996,0.00043679999998857966,-1.9199999996999395e-05,0.00017937062946605262,-0.00017040279719806293,0.00043679999998857966
0.419996,-0.0016531999999642721,1.87999999980093e-05,2.6802697677096954e-05,0.00015556456876199867,0.00043679999998857966
0.439996,0.00043679999998857966,-1.9199999996999395e-05,-7.78332592696845e-05,-5.082237761903962e-05,0.00043679999998857966
0.459995,0.00043679999998857966,-1.9199999996999395e-05,-0.00014371966958467828,-0.00011902750582580942,0.00043679999998857966
0.479995,0.0002468000000135362,-1.9199999996999395e-05,-0.00018820412167269997,-0.00015711608390938473,0.00043679999998857966
0.499995,0.00043679999998857966,-1.9199999996999395e-05,-0.00021831973587442357,0.00010241771562000628,0.00043679999998857966
0.519995,-0.0016531999999642721,-5.719999999200809e-05,-0.00022203181808742975,-6.986666666347735e-05,0.0002468000000135362
0.539994,0.00043679999998857966,-1.9199999996999395e-05,-0.00017335508328199375,-3.222097901478421e-05,0.00043679999998857966
0.559994,0.0002468000000135362,-0.00043719999998756973,-4.7289899402132625e-05,-0.00046625361303917,0.0002468000000135362
0.579994,0.00043679999998857966,0.00032280000000355357,0.0001630113808456986,-0.00021114871793916187,0.00043679999998857966
0.599994,-0.0016531999999642721,-9.519999998701678e-05,0.00043398353288404547,0.0003690377622426635,0.0002468000000135362
0.619994,0.0021467999999913445,0.0007027999999991152,0.0007106637140355163,0.0010869631701591054,0.00043679999998857966
0.639993,-0.0016531999999642721,0.0010447999999996683,0.0009216347191441201,0.000794212587416764,0.0021467999999913445
0.659993,0.004236799999944196,0.0014247999999952299,0.0010080739919478617,0.001197685780882543,0.0021467999999913445
0.679993,0.0021467999999913445,0.0006648000000041065,0.0009546840692453555,0.0009651682983685708,0.0002468000000135362
0.699993,0.0002468000000135362,0.0014627999999902385,0.0008040029968662706,0.0010741193473159092,0.0021467999999913445
0.719993,-0.0016531999999642721,0.0002848000000085449,0.0006420111480433658,0.0004912755244813303,0.0002468000000135362
0.739993,0.002336799999966388,0.0002848000000085449,0.0005603646783884202,0.000707848951053341,0.0002468000000135362
0.759992,-0.0016531999999642721,0.0002848000000085449,0.0006152489818973876,-8.315337993943569e-05,0.0002468000000135362
0.779992,0.0021467999999913445,0.0010827999999946769,0.0008032679231968016,0.0008495738927702678,0.0021467999999913445
0.799992,0.0002468000000135362,0.0007027999999991152,0.0010636865325674772,0.0009780121212043464,0.00043679999998857966
0.819992,0.002336799999966388,0.001880799999980809,0.0013036821689602822,0.0017176391608222192,0.0021467999999913445
0.839992,0.00043679999998857966,0.0011207999999896857,0.0014349099247856479,0.0016600634032487242,0.00043679999998857966
0.859991,0.004236799999944196,0.001880799999980809,0.0014066895432662853,0.0014922079253940931,0.002336799999966388
0.879991,-0.0016531999999642721,0.0010827999999946769,0.0012231245569364517,0.0009868699300662916,0.00043679999998857966
0.899991,0.004046799999969153,0.0006648000000041065,0.0009378330696484896,0.0008894340326331223,-0.0016531999999642721
0.919991,-0.0016531999999642721,0.0002468000000135362,0.0006291786800078717,0.0004819748251823827,-0.0016531999999642721
0.939991,-0.0016531999999642721,0.0006648000000041065,0.00036779027837244646,0.0005107627039728404,0.00043679999998857966
0.95999,0.0021467999999913445,-9.519999998701678e-05,0.0001922124892826163,-0.00019564755242996217,0.0002468000000135362
0.97999,0.00043679999998857966,0.0002848000000085449,0.00010361094294352833,0.00042484195804588977,0.0002468000000135362
0.99999,0.0002468000000135362,0.00032280000000355357,7.801278979952869e-05,-8.049603728721173e-05,0.0002468000000135362
1.01999,0.0002468000000135362,0.0003607999999985623,8.436240019109451e-05,0.00040225454545402396,0.0002468000000135362
1.039989,-0.0014631999999892287,-5.719999999200809e-05,9.727569158790885e-05,0.00021801212121406896,0.0002468000000135362
1.059989,0.002336799999966388,-1.9199999996999395e-05,0.00010142557864679487,1.2068065270562779e-05,0.0002468000000135362
1.079989,-0.0016531999999642721,-1.9199999996999395e-05,9.04903951689193e-05,-0.00017173146852602977,0.0002468000000135362
1.099989,0.00043679999998857966,0.0003607999999985623,6.426727688468869e-05,0.00010994685314762485,0.00043679999998857966
1.119989,0.0002468000000135362,-0.00043719999998756973,2.6157187389549655e-05,4.351328671748427e-05,0.0002468000000135362
1.139988,0.00043679999998857966,0.00032280000000355357,-1.7973545706414714e-05,4.7942191151106915e-05,0.00043679999998857966
1.159988,-0.0016531999999642721,-9.519999998701678e-05,-5.979477370678501e-05,-0.00023949370627936715,0.0002468000000135362
1.179988,0.0021467999999913445,-9.519999998701678e-05,-8.8451850382329e-05,9.09025641137875e-05,0.0002468000000135362
1.199988,-0.0016531999999642721,-0.00013319999998202549,-9.139592088030616e-05,-9.333986012086755e-05,0.0002468000000135362
1.219988,0.0002468000000135362,0.0002468000000135362,-5.6552493454348824e-05,-6.533333317792285e-06,0.0002468000000135362
1.239987,0.0002468000000135362,-0.00013319999998202549,2.4399715841440023e-05,9.976037297520283e-05,0.0002468000000135362
1.259987,0.0002468000000135362,0.0002848000000085449,0.00015249061606735796,0.00012234778555911854,0.0002468000000135362
1.279987,0.0002468000000135362,0.0002848000000085449,0.0003183866284842609,0.00012456223777274989,0.0002468000000135362
1.299987,0.00043679999998857966,0.0002848000000085449,0.0005003270322066468,0.0006405296037338259,0.0002468000000135362
1.319987,0.0002468000000135362,0.0006648000000041065,0.0006645384861159025,0.0005895972028022846,0.0002468000000135362
1.339987,0.0002468000000135362,0.0006648000000041065,0.0007705462115953389,0.00047400279721193184,0.0002468000000135362
1.359986,0.0021467999999913445,0.0006268000000090978,0.0007824689606359332,0.0008637463869499108,0.0002468000000135362
1.379986,0.0002468000000135362,0.0006268000000090978,0.0006834950648136734,0.0009567533799558175,0.0002468000000135362
1.399986,0.0002468000000135362,0.0010447999999996683,0.00048717294921196393,0.0007973128205181801,0.0002468000000135362
1.419986,0.0002468000000135362,0.0002848000000085449,0.0002391429138461122,0.0002946321678426021,0.0002468000000135362
1.439986,0.002336799999966388,-9.519999998701678e-05,6.055467326464893e-06,-0.00048392261070171844,0.0002468000000135362
1.459985,-0.0016531999999642721,-0.00047519999998257845,-0.0001476458595798553,-0.00031236083914856137,-0.0016531999999642721
1.479985,-0.0016531999999642721,-0.00043719999998756973,-0.0001888721073991447,5.121678325813563e-06,-0.0016531999999642721
1.499985,-0.0016531999999642721,-5.5199999997057604e-05,-0.0001372618063759816,-5.367832165833873e-06,-0.0016531999999642721
1.519985,0.00043679999998857966,-5.5199999997057604e-05,-6.286527318679253e-05,-0.0003154843822769384,-0.0016531999999642721
1.539984,0.004246799999918949,-5.5199999997057604e-05,-5.5799256614423794e-05,-0.0003109389277318297,-0.0016531999999642721
1.559984,-0.0016531999999642721,-5.5199999997057604e-05,-0.00018336751694725704,5.255757575801901e-05,-0.0016531999999642721
1.579984,-0.0016531999999642721,-5.5199999997057604e-05,-0.0004595986877128888,5.7044289070930405e-06,-0.0016531999999642721
1.599984,-0.0016531999999642721,-0.0012351999999737017,-0.0008411217898119227,-0.0007942955710797157,-0.0016531999999642721
1.619984,0.00043679999998857966,-0.0012351999999737017,-0.0012442996128534506,-0.0014262303030010432,-0.0016531999999642721
1.639983,-0.0016531999999642721,-0.0016151999999692635,-0.0015708081013859143,-0.001849796736559153,-0.0016531999999642721
1.659983,-0.0016531999999642721,-0.0012351999999737017,-0.001734053961184785,-0.001558864335631463,-0.0016531999999642721
1.679983,-0.0035531999999420805,-0.0016531999999642721,-0.001683705984572534,-0.0015765799533479338,-0.0016531999999642721
1.699983,0.0002468000000135362,-0.0016531999999642721,-0.001423666733337123,-0.001652710489475472,-0.0016531999999642721
1.719983,-0.0016531999999642721,-0.0012351999999737017,-0.0010163855768558579,-0.0011511953379677528,-0.0016531999999642721
1.739983,-0.0016531999999642721,-0.00047519999998257845,-0.0005693545541278517,-0.0005963235431071906,0.0002468000000135362
1.759983,0.00043679999998857966,-9.31999999920663e-05,-0.0002056310723971518,0.0001195272727335369,0.0002468000000135362
1.779982,0.0002468000000135362,-9.31999999920663e-05,-2.583030649917069e-05,0.00025052960373372446,0.0002468000000135362
1.799982,0.002156799999966097,0.0002868000000034954,-7.413674162366035e-05,-0.00020331655010662777,0.0002468000000135362
1.819982,-0.0016531999999642721,-0.0005111999999826367,-0.0003233073601662366,-0.000480239627024853,0.0002468000000135362
1.839981,0.0002468000000135362,-0.0008911999999781983,-0.0006879286847752618,-0.0007396801864596494,-0.0016531999999642721
1.859981,-0.0035531999999420805,-0.0016531999999642721,-0.0010610320307292674,-0.0013846685314366134,-0.0016531999999642721
1.879981,-0.0016531999999642721,-0.0012731999999687105,-0.00135531074691755,-0.0014536895104566442,-0.0016531999999642721
1.899981,-0.0016531999999642721,-0.0016531999999642721,-0.001527253473816346,-0.001357302564068187,-0.0016531999999642721
1.919981,0.0002468000000135362,-0.0008931999999731488,-0.0015737923461069108,-0.0013236895104557268,-0.0016531999999642721
1.939981,-0.0016531999999642721,-0.0008931999999731488,-0.0015093275115196263,-0.001418910955678445,-0.0016531999999642721
1.95998,0.0002468000000135362,-0.0012731999999687105,-0.001343199002560858,-0.0010048083915825715,-0.0016531999999642721
1.97998,-0.0016531999999642721,-0.0012351999999737017,-0.0010750762536049594,-0.0012071627039337374,-0.0016531999999642721
1.99998,-0.0035531999999420805,-0.0008551999999781401,-0.0007105751062028507,-0.0010471160838905094,0.0002468000000135362
2.01998,0.00043679999998857966,-0.0008551999999781401,-0.00028272734852361647,-0.0004041090908957249,0.0002468000000135362
2.039979,0.0002468000000135362,-9.31999999920663e-05,0.00014088686721814742,0.00010314032634662265,0.0002468000000135362
2.059979,0.0002468000000135362,0.0010847999999896274,0.0004756649494836998,0.00035106573426724977,0.00043679999998857966
2.079979,0.002156799999966097,0.000666799999999057,0.0006546935428281964,0.0010288046619942608,0.0002468000000135362
2.099979,0.002336799999966388,0.0007047999999940657,0.0006608483114148537,0.0008551216783141168,0.00043679999998857966
2.119979,-0.0016531999999642721,0.0007427999999890744,0.0005371722378557406,0.0004501333333311814,0.00043679999998857966
2.139978,0.00043679999998857966,-1.9199999996999395e-05,0.00036888604267411643,0.0003777324009259505,0.00043679999998857966
2.159978,0.00043679999998857966,-5.5199999997057604e-05,0.0002467157225099948,0.0002109724941699549,0.00043679999998857966
2.179978,-0.0016531999999642721,0.00036279999999351277,0.0002305975522322477,-0.00014182470862216618,0.00043679999998857966
2.199978,0.002156799999966097,0.00032479999999850405,0.0003299318299182458,0.0002023710955690724,0.00043679999998857966
2.219978,0.00043679999998857966,0.00032479999999850405,0.0005057804054062416,0.000762953846145252,0.00043679999998857966
2.239977,0.0002468000000135362,0.0010847999999896274,0.0006898877879999646,0.000567732400930675,0.00043679999998857966
2.259977,0.00043679999998857966,0.0007027999999991152,0.0008105966536648986,0.0010281986013939703,0.00043679999998857966
2.279977,0.0021467999999913445,0.0006648000000041065,0.0008167389836879109,0.0013870097902007935,0.0002468000000135362
2.299977,0.0002468000000135362,0.0010447999999996683,0.0006932217431205624,0.0005201100233188205,0.00043679999998857966
2.319977,0.0002468000000135362,0.0006268000000090978,0.00046375443793796956,3.7755710975504754e-05,0.0002468000000135362
2.339977,0.0021467999999913445,-0.0005511999999725959,0.00017890341733578724,-0.00014604382282108763,0.0002468000000135362
2.359976,-0.0016531999999642721,-0.0005511999999725959,-0.00010685610828341748,-0.00015490163167985316,0.0002468000000135362
2.379976,-0.003743199999917124,-0.00013319999998202549,-0.0003584192918630868,-0.0003156708624539376,0.0002468000000135362
2.399976,0.0002468000000135362,-0.00047519999998257845,-0.0005687346752232803,-0.00028466853145196855,0.0002468000000135362
2.419976,0.002336799999966388,-0.00047519999998257845,-0.000743975292875174,-0.0004795403263214879,0.0002468000000135362
2.439975,0.00043679999998857966,-9.519999998701678e-05,-0.0008745572257166896,-0.0010154377622126661,0.0002468000000135362
2.459975,-0.0016531999999642721,-0.00047519999998257845,-0.0009173805557733683,-0.0007435030302792016,-0.0016531999999642721
2.479975,-0.0018431999999393156,-0.0012731999999687105,-0.000809439125929956,-0.00041797855476091234,-0.0016531999999642721
2.499975,-0.0016531999999642721,-0.0009311999999681575,-0.0005081545333853535,-0.0008263235430962563,-0.0016531999999642721
2.519975,-0.0016531999999642721,-0.00013319999998202549,-3.1727985893465766e-05,-0.0004857407925158398,-0.0016531999999642721
2.539974,0.0021467999999913445,0.0002848000000085449,0.000528441647707277,0.00014537808859169674,0.0002468000000135362
2.559974,0.002336799999966388,0.0010827999999946769,0.0010330061397936638,0.001067033100226353,0.0021467999999913445
2.579974,0.0002468000000135362,0.0015007999999852473,0.0013448017023983318,0.0017158675990471802,0.0021467999999913445
2.599974,0.002336799999966388,0.001538799999980256,0.0013796787825842488,0.001648548251730845,0.002336799999966388
2.619974,0.00043679999998857966,0.0011207999999896857,0.0011376446041830668,0.0016463337995145638,0.00043679999998857966
2.639973,0.002336799999966388,0.000740799999994124,0.0007048216230246129,0.0005723244755185759,0.00043679999998857966
2.659973,0.0002468000000135362,0.0003607999999985623,0.00022596755540532935,-0.00018103216782391744,0.00043679999998857966
2.679973,-0.0016531999999642721,-0.00043719999998756973,-0.00014543654439113456,-0.0004374657342556026,0.0002468000000135362
2.699973,0.00043679999998857966,-0.0008551999999781401,-0.000304263057884784,-0.0005326871794724909,0.0002468000000135362
2.719973,-0.0035531999999420805,-0.00043719999998756973,-0.0002357718038709722,-9.156829835748855e-05,0.0002468000000135362
2.739973,0.0002468000000135362,0.00032280000000355357,-2.165720605500139e-05,-0.00016198787877576962,0.00043679999998857966
2.759972,0.002336799999966388,0.0002848000000085449,0.00019711701867105306,0.0003854247086295777,0.0002468000000135362
2.779972,0.0021467999999913445,0.0006648000000041065,0.00028569714967421986,0.0006378722610763024,0.0002468000000135362
2.799972,0.0002468000000135362,0.0006648000000041065,0.00017638931097192483,0.0004119981352079941,0.0002468000000135362
2.819972,-0.0016531999999642721,-0.00013319999998202549,-0.00010558919988913799,0.0001511356643479863,0.0002468000000135362
2.839972,0.0002468000000135362,-0.0008931999999731488,-0.00046140054306470935,-0.0007590041957793912,-0.0016531999999642721
2.859971,-0.0016531999999642721,-0.0012731999999687105,-0.0007681642003393292,-0.0012661137528806416,-0.0016531999999642721
2.879971,-0.0016531999999642721,-0.0008931999999731488,-0.0009324828515287436,-0.0010863002330711296,-0.0016531999999642721
2.899971,-0.0016531999999642721,-0.0008931999999731488,-0.0009248700929905719,-0.0007452745920494706,-0.0016531999999642721
2.919971,0.0002468000000135362,-0.0005131999999775872,-0.0007835408388660044,-0.0008763701631416029,0.0002468000000135362
2.93997,0.0002468000000135362,-0.0005131999999775872,-0.0005902956398266152,-0.0005907058274829879,0.0002468000000135362
2.95997,0.0002468000000135362,-0.0005131999999775872,-0.00043328656172296676,-0.00033161491839695927,0.0002468000000135362
2.97997,-0.0016531999999642721,-9.519999998701678e-05,-0.0003747698433010983,0.0002357277389549205,0.0002468000000135362
2.99997,-0.0016531999999642721,-0.00047519999998257845,-0.00043458912148293096,-0.000379889976677867,-0.0016531999999642721
3.01997,0.002336799999966388,-0.00047519999998257845,-0.000589608924079783,-0.0011487477855417502,-0.0016531999999642721
3.039969,-0.0016531999999642721,-0.0012732000000141852,-0.0007851422358065588,-0.0008072792540931594,-0.0016531999999642721
3.059969,0.0002468000000135362,-0.0008932000000186236,-0.000955968336310979,-0.0010464400932570356,0.0002468000000135362
3.079969,-0.005643200000122306,-0.0008932000000186236,-0.0010527383776909609,-0.0008604261072457518,0.0002468000000135362
3.099969,0.0002468000000135362,-0.0013112000000091938,-0.0010625176460195749,-0.0011863934732026333,0.0002468000000135362
3.119969,0.002336799999966388,-0.0013112000000091938,-0.001010711505104115,-0.0014702862470824991,0.0002468000000135362
3.139968,-0.003743199999917124,-0.0005131999999775872,-0.000942793630274389,-0.0005796335664339115,0.0002468000000135362
3.159968,0.0002468000000135362,-0.00047519999998257845,-0.00089795671655888,-0.0005641324009188817,0.0002468000000135362
3.179968,-0.0016531999999642721,-0.0008551999999781401,-0.0008890805203684195,-0.00045828158504751857,0.0002468000000135362
3.199968,0.00043679999998857966,-0.0008171999999831315,-0.0008961674028203399,-0.0013755076922830028,0.0002468000000135362
3.219968,0.00043679999998857966,-0.001197199999978693,-0.0008745248945787839,-0.0012315682983466145,-0.0016531999999642721
3.239967,-0.0035531999999420805,-0.0007791999999881227,-0.0007758480317114996,-0.00032098554777905506,0.00043679999998857966
3.259967,-0.0016531999999642721,-0.00043719999998756973,-0.0005743464962012742,-0.0007377454545308623,0.00043679999998857966
3.279967,0.00043679999998857966,-0.00047519999998257845,-0.0002836922812465083,-0.00031301351979906404,0.0002468000000135362
3.299967,0.0021467999999913445,-9.519999998701678e-05,4.614769615459252e-05,-0.00013585734264283546,0.0002468000000135362
3.319967,0.0002468000000135362,0.0006648000000041065,0.0003491959697097974,0.00013652027973293132,0.00043679999998857966
3.339967,-0.0016531999999642721,0.0006648000000041065,0.0005668977547499394,0.0012220447552404382,0.00043679999998857966
3.359966,0.0021467999999913445,0.0002848000000085449,0.0006635384469869394,0.0006396438228455113,0.0002468000000135362
3.379966,0.00043679999998857966,0.0007027999999991152,0.0006324251692338973,0.00034689324010104996,0.00043679999998857966
3.399966,0.0002468000000135362,0.00032280000000355357,0.0004959135727016471,0.0003916251748276394,0.00043679999998857966
3.419966,0.002336799999966388,0.00032280000000355357,0.0002998755463485882,0.00040712634032729895,0.00043679999998857966
3.439965,-0.0035531999999420805,0.00032280000000355357,0.00010182106983778459,0.0002782452214498579,0.00043679999998857966
3.459965,0.0021467999999913445,-5.719999999200809e-05,-4.506620759494472e-05,-0.00018678974358020682,0.00043679999998857966
3.479965,0.00043679999998857966,-0.00047519999998257845,-0.00010660443516932227,-0.00010706946385926799,0.0002468000000135362
3.499965,-0.0016531999999642721,0.00032280000000355357,-7.658578466828732e-05,-0.0001358573426460157,0.00043679999998857966
3.519965,0.0002468000000135362,-5.719999999200809e-05,2.147834963274755e-05,-0.00012965687644371382,0.0002468000000135362
3.539964,0.00043679999998857966,-9.519999998701678e-05,0.00014036658096074783,0.0005417650349652694,0.0002468000000135362
3.559964,0.0002468000000135362,0.00032280000000355357,0.00022280537001537657,-5.6137062930906845e-05,0.0002468000000135362
3.579964,0.0002468000000135362,0.0003607999999985623,0.00021961048977299063,0.0002538862470898431,0.00043679999998857966
3.599964,0.00043679999998857966,-5.719999999200809e-05,0.00010596670461586398,0.00030038974359306166,0.0002468000000135362
3.619964,0.00043679999998857966,-5.719999999200809e-05,-0.00011036793237275079,-0.0002913118881002828,0.0002468000000135362
3.639963,-0.0016531999999642721,-0.00043719999998756973,-0.00039186457374735276,-0.00041310675989452735,0.0002468000000135362
3.659963,0.0002468000000135362,-0.0008171999999831315,-0.0006834350399758904,-0.00040779207458478017,-0.0014631999999892287
3.679963,-0.0016531999999642721,-0.0008171999999831315,-0.0009287287995519653,-0.0011717780885584282,-0.0014631999999892287
3.699963,-0.0014631999999892287,-0.0008171999999831315,-0.0010842832841674531,-0.0014840158507875092,-0.0014631999999892287
3.719963,0.00043679999998857966,-0.0016151999999692635,-0.0011275073390439494,-0.0008542256410047594,-0.0016531999999642721
3.739962,-0.0016531999999642721,-0.0008551999999781401,-0.0010578049405759265,-0.0007851347319123251,-0.0014631999999892287
3.759962,-0.003743199999917124,-0.00013319999998202549,-0.0008919180336323957,-0.0012041090908756437,0.00043679999998857966
3.779962,0.0021467999999913445,-0.0009691999999631662,-0.0006545263804334378,-0.00016995990673668022,-0.0016531999999642721
3.799962,0.0021467999999913445,-0.0005891999999676045,-0.0003668909245016238,-0.00028732587409889196,0.0002468000000135362
3.819962,-0.003743199999917124,0.0010068000000046594,-4.0597943807320144e-05,-0.0002518946386680705,0.0021467999999913445
3.839962,0.0002468000000135362,-0.00013319999998202549,0.00031712003357311743,0.0002751449883601022,0.0002468000000135362
3.859961,0.004236799999944196,-0.00013319999998202549,0.0006889503735573208,0.0008221146853157268,0.0002468000000135362
3.879961,-0.0035531999999420805,0.0010827999999946769,0.0010344023351522894,0.0006334433566442693,0.0021467999999913445
3.899961,0.0021467999999913445,0.0015007999999852473,0.0012880186675009277,0.0012003431235342366,0.002336799999966388
3.919961,0.002336799999966388,0.0007027999999991152,0.0013733717308373303,0.0015546554778403335,0.0021467999999913445
3.93996,0.002336799999966388,0.0014627999999902385,0.0012298163992289421,0.0008783617715601953,0.0021467999999913445
3.95996,0.0002468000000135362,0.0007027999999991152,0.0008405000261294841,0.000965168298383941,0.0002468000000135362
3.97996,0.0002468000000135362,0.0002848000000085449,0.0002474565425012212,0.0008393874125814157,0.0002468000000135362
3.99996,-0.0016531999999642721,-9.519999998701678e-05,-0.00045299023798374313,-0.0005025706293757966,0.0002468000000135362
4.019959,0.0002468000000135362,-0.0012732000000141852,-0.0011312461369357568,-0.0012421976690026796,0.0002468000000135362
4.039959,0.00043679999998857966,-0.0016532000000097468,-0.0016549980599235032,-0.0018883748251792335,-0.0016531999999642721
4.059959,-0.005643200000122306,-0.0016532000000097468,-0.0019235671298416213,-0.0021647384615436707,-0.0016531999999642721
4.079959,-0.0016531999999642721,-0.0020332000000053085,-0.0018984235093144068,-0.0019477221445267077,-0.0016531999999642721
4.099959,-0.0016531999999642721,-0.002071200000000317,-0.0016171909135258408,-0.0013055310023345843,-0.0016531999999642721
4.119959,-0.0016531999999642721,-0.0005131999999775872,-0.0011800592368845899,-0.0009839925407880052,-0.0016531999999642721
4.139959,0.0002468000000135362,-0.00013319999998202549,-0.0007104871002559738,-0.0006478386946147108,0.0002468000000135362
4.159958,0.0021467999999913445,-0.00013319999998202549,-0.0003079633197344628,6.300046623708494e-05,0.0002468000000135362
4.179958,0.0002468000000135362,-0.00017119999997703417,-1.738083116867892e-05,-0.00030061258739181034,0.0002468000000135362
4.199958,-0.0016531999999642721,-0.00013319999998202549,0.00016870889382324746,-0.00020096223774500945,0.0002468000000135362
4.219958,-0.0018431999999393156,-0.00047519999998257845,0.00027930355675455414,0.00025742937063939124,0.0002468000000135362
4.239957,0.00043679999998857966,-9.519999998701678e-05,0.0003297214863602145,0.00044388624709085743,0.00043679999998857966
4.259957,0.00043679999998857966,0.0006648000000041065,0.00030833294055720447,3.1998135209145245e-05,0.00043679999998857966
4.279957,0.0021467999999913445,0.0007027999999991152,0.00019305072219486414,0.00011171841493008418,0.00043679999998857966
4.299957,0.0021467999999913445,-0.00013319999998202549,-1.8871659355065656e-05,0.00032430582751660455,0.00043679999998857966
4.319957,-0.0016531999999642721,-0.00017119999997703417,-0.0002941171403726943,6.742937064473705e-05,0.0002468000000135362
4.339957,-0.003743199999917124,-0.0005511999999725959,-0.0005739589747743004,-0.0007151580419252159,0.0002468000000135362
4.359956,0.0002468000000135362,-0.0013111999999637191,-0.0008033537023308729,-0.000958304895071403,-0.0016531999999642721
4.379956,0.0002468000000135362,-0.0013111999999637191,-0.0009561075188883925,-0.0012479552447229284,-0.0016531999999642721
4.399956,-0.0016531999999642721,-0.00047519999998257845,-0.0010408411910551125,-0.0011726638694350823,0.0002468000000135362
4.419956,-0.0016531999999642721,-0.0008551999999781401,-0.0010891907576400315,-0.0007873491841275463,-0.0016531999999642721
4.439955,0.00043679999998857966,-0.0012351999999737017,-0.001137055683411347,-0.0008094937062744599,-0.0016531999999642721
4.459955,-0.0016531999999642721,-0.0012351999999737017,-0.0012087584886094748,-0.0015229902097604591,-0.0016531999999642721
4.479955,-0.0016531999999642721,-0.0012351999999737017,-0.0013095359537366492,-0.0012612419580163767,-0.0016531999999642721
4.499955,-0.0016531999999642721,-0.0016531999999642721,-0.0014270792479878606,-0.0013037594405277445,-0.0016531999999642721
4.519955,-0.0016531999999642721,-0.0012731999999687105,-0.0015384082780219742,-0.001673572960335621,-0.0016531999999642721
4.539954,-0.0016531999999642721,-0.0016911999999592807,-0.001616998374412688,-0.0017333631701232776,-0.0016531999999642721
4.559954,0.0002468000000135362,-0.0016531999999642721,-0.0016380940250442333,-0.0014428270395929776,-0.0016531999999642721
4.579954,-0.003743199999917124,-0.0012731999999687105,-0.0015838727636949665,-0.0013719645687318644,-0.0014631999999892287
4.599954,-0.0014631999999892287,-0.0012731999999687105,-0.0014499782896414577,-0.0015207757575399375,-0.0014631999999892287
4.619954,0.0002468000000135362,-0.0016531999999642721,-0.001251463872021303,-0.0014946452214107133,-0.0016531999999642721
4.639953,-0.0016531999999642721,-0.0012351999999737017,-0.0010243717656104763,-0.0013263468531190805,-0.0016531999999642721
4.659953,-0.0016531999999642721,-0.0008551999999781401,-0.0008207158799774493,-0.0009410321678126046,-0.0016531999999642721
4.679953,-0.0016531999999642721,-0.0008171999999831315,-0.0006959761652971963,-0.00017926060605258807,-0.0016531999999642721
4.699953,0.00043679999998857966,-0.00043719999998756973,-0.0006890002768375208,-0.0006801696969525969,0.0002468000000135362
4.719953,0.00043679999998857966,-0.00043719999998756973,-0.0007990595862528354,-0.0005933631701489916,0.0002468000000135362
4.739952,0.0002468000000135362,-0.0008171999999831315,-0.0009728535896226799,-0.0008236662004482726,0.0002468000000135362
4.759952,-0.0016531999999642721,-0.0008551999999781401,-0.0011157959536452669,-0.001446370163140936,0.0002468000000135362
4.779952,-0.0035531999999420805,-0.0016531999999642721,-0.001130114621137266,-0.001098701165475203,-0.0016531999999642721
4.799952,0.0002468000000135362,-0.0016531999999642721,-0.0009635972203630107,-0.0011894937062642986,-0.0016531999999642721
4.819952,-0.0035531999999420805,-0.00047519999998257845,-0.0006420741544497248,-0.0009166731934478198,0.0002468000000135362
4.839952,0.0002468000000135362,-9.519999998701678e-05,-0.00026509742392111577,-0.00045119533797810264,0.0002468000000135362
4.859951,0.004236799999944196,-9.519999998701678e-05,3.585318427621385e-05,0.0004899468531528339,0.0002468000000135362
4.879951,-0.0016531999999642721,0.0006648000000041065,0.00015594933606222854,0.0006427440559485174,0.0002468000000135362
4.899951,0.0002468000000135362,0.0006648000000041065,6.238487104853464e-05,-0.0001522442890297494,0.0002468000000135362
4.919951,0.0002468000000135362,-0.0008931999999731488,-0.0001943512428925848,6.255757577093206e-05,0.0002468000000135362
4.939951,0.0002468000000135362,-0.0008931999999731488,-0.0005047337372390637,-0.0007749482517213529,0.0002468000000135362
4.95995,-0.0035531999999420805,-0.0005131999999775872,-0.0007456800112771628,-0.001173549650318097,0.0002468000000135362
4.97995,-0.0016531999999642721,-0.0008931999999731488,-0.0008263701224398015,-0.0006620111887874636,-0.0016531999999642721
4.99995,0.0021467999999913445,-0.0008551999999781401,-0.0007154673215265964,-0.0006797268065065846,-0.0016531999999642721
5.01995,-0.0016531999999642721,-9.519999998701678e-05,-0.00044154194805322847,-0.0005734331002167697,0.0002468000000135362
5.039949,0.00043679999998857966,0.00032280000000355357,-7.313076321844526e-05,-0.00015977342656160824,0.00043679999998857966
5.059949,0.0002468000000135362,-5.719999999200809e-05,0.00030768724351320007,0.0008876624708591432,0.0002468000000135362
5.079949,0.00043679999998857966,0.0007027999999991152,0.0006277518895306896,0.0009607393939338881,0.00043679999998857966
5.099949,0.0002468000000135362,0.0010827999999946769,0.0008377480588131283,0.00024281398601903615,0.00043679999998857966
5.119949,0.0021467999999913445,0.0007027999999991152,0.0009192935773540195,0.0009868699300657618,0.00043679999998857966
5.139948,0.002336799999966388,0.0002848000000085449,0.0008834468863929755,0.0007477090909093055,0.0002468000000135362
5.159948,-0.0016531999999642721,0.0010827999999946769,0.0007600369730964081,0.00048684662004876757,0.0021467999999913445
5.179948,-0.0016531999999642721,0.00032280000000355357,0.0005818139151338721,0.0006706461538485402,-0.0016531999999642721
5.199948,0.004236799999944196,-9.519999998701678e-05,0.00037329535546358196,0.0006095272727276166,-0.0016531999999642721
5.219948,-0.0016531999999642721,0.0006648000000041065,0.00015216197366188153,0.000244142657351773,0.0002468000000135362
5.239947,0.0002468000000135362,0.0006648000000041065,-6.002656360586203e-05,-0.0002408223776025637,0.0002468000000135362
5.259947,0.0021467999999913445,-0.0005511999999725959,-0.00022984761015074914,-0.00017438881116712288,-0.0016531999999642721
5.279947,-0.0016531999999642721,-0.0005511999999725959,-0.00031686114688955026,-4.373613051570309e-05,-0.0016531999999642721
5.299947,-0.0018431999999393156,-0.00017119999997703417,-0.00029131621896922184,-0.0005198433566165746,-0.0016531999999642721
5.319947,-0.0016531999999642721,-0.00013319999998202549,-0.00015356641452195647,-0.00016995990673880035,-0.0016531999999642721
5.339947,0.0021467999999913445,-0.00013319999998202549,6.0115506330753925e-05,-7.473846152244204e-05,-0.0016531999999642721
5.359946,0.002336799999966388,0.0002848000000085449,0.0002916154661238224,0.00033493519814298874,0.0002468000000135362
5.379946,-0.0016531999999642721,0.0010827999999946769,0.0004853888478260776,0.0006090843822879647,0.0021467999999913445
5.399946,0.0002468000000135362,0.0007027999999991152,0.0006070201296656641,0.0007835832167818995,0.0002468000000135362
5.419946,0.002336799999966388,-9.519999998701678e-05,0.0006476702245497372,0.0008606461538426647,0.0002468000000135362
5.439945,0.0002468000000135362,0.0007027999999991152,0.0006170289572495969,0.00028931748251960466,0.0002468000000135362
5.459945,-0.0016531999999642721,0.000740799999994124,0.0005313260854673228,0.00021845501165902124,0.00043679999998857966
5.479945,0.002336799999966388,-5.719999999200809e-05,0.00040247794267285887,0.0004137696969697828,0.0002468000000135362
5.499945,0.00043679999998857966,-5.719999999200809e-05,0.0002332558372717042,0.00022111235431654494,0.0002468000000135362
5.519945,-0.0016531999999642721,0.00032280000000355357,2.029497962345175e-05,-2.4691841481335537e-05,0.0002468000000135362
5.539944,0.0002468000000135362,-9.519999998701678e-05,-0.00023699599314191212,4.538927749304521e-06,0.0002468000000135362
5.559944,0.0002468000000135362,-0.0005131999999775872,-0.0005254233896293567,-0.00021690629369015103,0.0002468000000135362
5.579944,0.0002468000000135362,-0.0005131999999775872,-0.0008102837868037508,-0.0010318247085948102,0.0002468000000135362
5.599944,-0.0016531999999642721,-0.0008931999999731488,-0.0010379147970303116,-0.0009162303030012774,-0.0016531999999642721
5.619944,-0.0016531999999642721,-0.0012731999999687105,-0.0011522105032077518,-0.0012528270395940834,-0.0016531999999642721
5.639943,-0.0016531999999642721,-0.0012731999999687105,-0.001119439135431558,-0.0013480484848168019,-0.0016531999999642721
5.659943,-0.0016531999999642721,-0.0012731999999687105,-0.0009477324093449994,-0.000951661538436339,-0.0016531999999642721
5.679943,0.0002468000000135362,-0.00047519999998257845,-0.0006885803308774084,-0.0007412885780671602,-0.0016531999999642721
5.699943,-0.0016531999999642721,-9.519999998701678e-05,-0.0004171885908400121,-0.0003138993006836686,0.0002468000000135362
5.719943,0.002336799999966388,-9.519999998701678e-05,-0.00020024328223667488,-7.252400931146075e-05,0.0002468000000135362
5.739943,0.0002468000000135362,-9.519999998701678e-05,-6.69300029760481e-05,8.204475525767197e-05,0.0002468000000135362
5.759942,-0.0016531999999642721,0.0002848000000085449,2.073190853203772e-06,-2.104428892119674e-06,0.0002468000000135362
5.779942,0.0002468000000135362,-0.00013319999998202549,6.274030259932494e-05,9.267412588670639e-05,0.0002468000000135362
5.799942,0.0002468000000135362,-9.519999998701678e-05,0.00018065596793448563,0.00021446899767830086,0.0002468000000135362
5.819942,0.0002468000000135362,0.0006648000000041065,0.000402556222848316,0.00011924755245770253,0.0002468000000135362
5.839941,0.00043679999998857966,0.0007027999999991152,0.0007370391218494983,0.000867732400932221,0.00043679999998857966
5.859941,0.0021467999999913445,0.0010827999999946769,0.001148321382120789,0.001044445687642437,0.00043679999998857966
5.879941,0.00043679999998857966,0.0014627999999902385,0.0015623668597036997,0.0014696205128085873,0.0021467999999913445
5.899941,0.0021467999999913445,0.0014627999999902385,0.0018831510922942788,0.0016556344988188114,0.0021467999999913445
5.91994,0.0021467999999913445,0.001880799999980809,0.00201664830595872,0.0021206694638488763,0.0021467999999913445
5.93994,0.00043679999998857966,0.0018427999999858003,0.0018993025902011799,0.002087009790194154,0.0021467999999913445
5.95994,0.004236799999944196,0.0018427999999858003,0.0015248826826969137,0.0016910657342522832,0.0021467999999913445
5.97994,0.0002468000000135362,0.0010827999999946769,0.0009596625382451919,0.0012880354312282765,0.00043679999998857966
5.99994,0.0021467999999913445,0.0007027999999991152,0.00033465114456125434,0.00012544801865523438,0.0002468000000135362
6.019939,-0.0016531999999642721,-0.00047519999998257845,-0.00019028925057006798,-0.00047245407923988194,-0.0014631999999892287
6.039939,-0.0014631999999892287,-0.0008551999999781401,-0.0004818460030304038,-0.0005459738927548088,-0.0016531999999642721
6.059939,-0.0016531999999642721,-0.0008171999999831315,-0.00048545000964514434,-0.0009242023309817986,-0.0016531999999642721
6.079939,-0.0016531999999642721,-5.719999999200809e-05,-0.00024766166043051294,-1.5834032627870184e-05,-0.0014631999999892287
6.099939,0.002336799999966388,0.00032280000000355357,0.00010576108982323959,0.00034512167832336096,0.00043679999998857966
6.119939,0.0021467999999913445,0.0010827999999946769,0.00042726197481703754,0.0007654247086247164,0.0021467999999913445
6.139938,0.00043679999998857966,0.0010827999999946769,0.000610814753312664,0.0006192708624731068,0.0021467999999913445
6.159938,0.0021467999999913445,0.0002848000000085449,0.0006281716734536996,0.0006834899766912061,0.00043679999998857966
6.179938,-0.0016531999999642721,-5.719999999200809e-05,0.0005220229445767016,0.000670203263403588,0.00043679999998857966
6.199938,-0.0016531999999642721,0.0002848000000085449,0.0003660189898331376,0.00015202144522888066,0.00043679999998857966
6.219938,0.00043679999998857966,-5.719999999200809e-05,0.00021929324067964558,-0.0003435729603613809,0.00043679999998857966
6.239937,0.0021467999999913445,-5.719999999200809e-05,0.00010145660644072296,-0.00022177808856607616,0.00043679999998857966
6.259937,0.00043679999998857966,-5.719999999200809e-05,-4.138078870902895e-06,-2.8677855469475962e-05,0.00043679999998857966
6.279937,-0.0016531999999642721,0.0002848000000085449,-0.00012955480653293014,0.00038763916084426917,0.00043679999998857966
6.299937,-0.0016531999999642721,-9.519999998701678e-05,-0.0002987036139575811,0.0001661939394042835,0.0002468000000135362
6.319937,0.0021467999999913445,-0.0005131999999775872,-0.000508833661477913,-0.00037413240091203724,-0.0016531999999642721
6.339936,0.0002468000000135362,-0.0005131999999775872,-0.0007208923511670217,-0.0011088876456587554,-0.0016531999999642721
6.359936,-0.0016531999999642721,-0.0005131999999775872,-0.0008649766624569643,-0.0010845286712976806,-0.0016531999999642721
6.379936,-0.0016531999999642721,-0.0012731999999687105,-0.000864928391913212,-0.0006637827505566728,-0.0016531999999642721
6.399936,-0.0016531999999642721,-0.0008931999999731488,-0.0006739772320936078,-0.0004932699300482285,-0.0016531999999642721
6.419935,-0.0016531999999642721,-0.00013319999998202549,-0.0003019836246345996,-0.0006416382284166495,-0.0016531999999642721
6.439935,0.0021467999999913445,0.0002848000000085449,0.0001827574774412337,0.0001710657342764984,0.00043679999998857966
6.459935,0.0021467999999913445,0.0006648000000041065,0.0006783119834659762,0.0006888046620104936,0.00043679999998857966
6.479935,0.00043679999998857966,0.0014247999999952299,0.0010850229069242518,0.001222044755243618,0.0021467999999913445
6.499935,0.0002468000000135362,0.0010447999999996683,0.0013330940941614134,0.001478478321672123,0.00043679999998857966
6.519935,0.0021467999999913445,0.0010827999999946769,0.0013927547434225982,0.0015847720279598182,0.00043679999998857966
6.539934,0.0002468000000135362,0.0010827999999946769,0.0012709139145227967,0.0009222079254027103,0.00043679999998857966
6.559934,0.002336799999966388,0.0011207999999896857,0.0010023740552632502,0.0008668466200391362,0.00043679999998857966
6.579934,0.00043679999998857966,0.0003607999999985623,0.0006395932367032758,0.0007450517482454218,0.00043679999998857966
6.599934,0.00043679999998857966,0.00039879999999357094,0.0002407745227886562,-0.0002115916083872942,0.00043679999998857966
6.619934,-0.0016531999999642721,-0.00039919999999256107,-0.00014325425742946595,-8.536783216578692e-05,0.00043679999998857966
6.639933,0.00043679999998857966,-0.0008171999999831315,-0.000479080603111814,-4.365501147483202e-06,-0.0016531999999642721
6.659933,-0.0016531999999642721,-5.719999999200809e-05,-0.0007518958286961327,-0.0006121743589635678,-0.0016531999999642721
6.679933,-0.0016531999999642721,-0.00043719999998756973,-0.0009563498516429453,-0.0011351580419534566,-0.0016531999999642721
6.699933,0.004236799999944196,-0.0012752000000091357,-0.0010836582455101367,-0.0010223608391664947,-0.0016531999999642721
6.719933,-0.0035531999999420805,-0.0012752000000091357,-0.0011171502785890337,-0.0010311254079370257,-0.0016531999999642721
6.739932,-0.00375320000011925,-0.0005152000000180123,-0.0010440942349148061,-0.001213269930076425,-0.0016531999999642721
6.759932,-0.0016531999999642721,-0.0016931999999997061,-0.0008765063173343137,-0.0009425473193578513,-0.0016531999999642721
6.779932,0.0021467999999913445,-0.0009332000000085827,-0.0006614368930647409,-0.0007141090909160139,-0.0016531999999642721
6.799932,-0.0016531999999642721,-9.519999998701678e-05,-0.0004675088117832893,-0.0007556009323958502,0.0002468000000135362
6.819932,0.0002468000000135362,0.0002848000000085449,-0.00035402412855696177,2.2930536138469367e-05,0.0002468000000135362
6.839931,0.00043679999998857966,-0.00047519999998257845,-0.00034172264713179377,-4.511142188222182e-05,0.0002468000000135362
6.859931,0.0002468000000135362,-0.00047519999998257845,-0.0004017464905997713,-0.00022576410254997653,0.0002468000000135362
6.879931,-0.0016531999999642721,-0.00047519999998257845,-0.0004684511400496971,-0.0008679552447346799,0.0002468000000135362
6.899931,-0.0016531999999642721,-0.00047519999998257845,-0.0004697204016711198,-0.0006243655011477808,0.0002468000000135362
6.91993,0.0002468000000135362,-0.0008551999999781401,-0.00035963313539897615,-0.0002851114218985109,-0.0016531999999642721
6.93993,0.00043679999998857966,-9.519999998701678e-05,-0.00013769803125367842,-0.0003209855477658049,0.0002468000000135362
6.95993,-0.0016531999999642721,0.0006648000000041065,0.00015271739269677136,0.00016220792541985293,0.00043679999998857966
6.97993,0.0021467999999913445,0.0002468000000135362,0.00044334240052718905,0.0006693174825237536,0.00043679999998857966
6.99993,0.0021467999999913445,0.0006268000000090978,0.0006671745528565245,0.0008132568764622619,0.0021467999999913445
7.01993,-0.0018431999999393156,0.0010068000000046594,0.0007802061438783737,0.0006932335664435862,0.0021467999999913445
7.039929,0.002336799999966388,0.0006268000000090978,0.0007707076204486223,0.0008792475524548703,0.0002468000000135362
7.059929,0.0002468000000135362,0.0002468000000135362,0.0006554475464629621,0.0006936764568816485,0.0002468000000135362
7.079929,0.0002468000000135362,0.0007027999999991152,0.00046807389058885093,8.470209791254547e-05,0.0002468000000135362
7.099929,0.0002468000000135362,-9.519999998701678e-05,0.0002458173747666317,-1.051934730911285e-05,0.0002468000000135362
7.119929,0.00043679999998857966,-9.519999998701678e-05,1.9101531950386313e-05,0.000292860606066503,0.0002468000000135362
7.139928,-0.0016531999999642721,-9.519999998701678e-05,-0.00019275983516617998,-0.00032541445219677763,0.0002468000000135362
7.159928,0.0002468000000135362,-9.519999998701678e-05,-0.0003782540572037652,-0.00013009976688548594,0.0002468000000135362
7.179928,0.0002468000000135362,-0.0005131999999775872,-0.0005244049048711047,-0.00038476177154319187,0.0002468000000135362
7.199928,0.0002468000000135362,-0.00013319999998202549,-0.0006076620236858725,-0.0005269296037056009,0.0002468000000135362
7.219928,-0.0016531999999642721,-0.0005131999999775872,-0.000593367587174139,-0.000664225641000035,0.0002468000000135362
7.239927,0.0002468000000135362,-0.0005131999999775872,-0.00044815117232700514,-0.0004538526806313863,0.0002468000000135362
7.259927,-0.0016531999999642721,-0.00047519999998257845,-0.00016045109672396303,-0.00019963356641704267,0.0002468000000135362
7.279927,0.0002468000000135362,0.0002848000000085449,0.00024277073786365235,0.00022509836830680546,0.0002468000000135362
7.299927,0.00043679999998857966,0.0007027999999991152,0.0006945180598790103,0.00035353659673770395,0.00043679999998857966
7.319927,0.0021467999999913445,0.0011207999999896857,0.0011048403904564854,0.0013411822843681486,0.00043679999998857966
7.339926,0.002336799999966388,0.0011587999999846943,0.0013892883526366478,0.0012853780885649225,0.00043679999998857966
7.359926,0.00043679999998857966,0.001880799999980809,0.0014952906019260756,0.0018367766899552301,0.0021467999999913445
7.379926,0.00043679999998857966,0.0011207999999896857,0.0014155232993062867,0.0014713920745756765,0.00043679999998857966
7.399926,0.004046799999969153,0.0011207999999896857,0.0011855201638598467,0.001269876923066323,0.00043679999998857966
7.419926,-0.0016531999999642721,0.0007027999999991152,0.0008689435373685569,0.0004354713286717441,0.00043679999998857966
7.439925,0.002336799999966388,0.0006648000000041065,0.0005355536656829422,0.00022465547786556313,0.0002468000000135362
7.459925,-0.0016531999999642721,-0.00047519999998257845,0.00023802553377960897,0.00038675337996178446,-0.0016531999999642721
7.479925,0.0002468000000135362,0.0002848000000085449,-3.9043228423010835e-06,0.000152464335674893,0.0002468000000135362
7.499925,-0.0016531999999642721,-9.519999998701678e-05,-0.00020382287259901297,-0.00027005314683956375,0.0002468000000135362
7.519925,0.0021467999999913445,-9.519999998701678e-05,-0.00039186295268728625,-6.632354311127882e-05,0.0002468000000135362
7.539924,0.00043679999998857966,-0.00047519999998257845,-0.00058968114089539,-0.0006155076922868951,-0.0016531999999642721
7.559924,-0.0016531999999642721,-0.00047519999998257845,-0.000793310753746878,-0.0009118013985787847,-0.0016531999999642721
7.579924,-0.0016531999999642721,-0.0012351999999737017,-0.000975678304243788,-0.0008475822843596254,-0.0016531999999642721
7.599924,-0.0016531999999642721,-0.0016531999999642721,-0.0011059540865009255,-0.0011686778554501219,-0.0016531999999642721
7.619924,-0.0016531999999642721,-0.0008931999999731488,-0.001170290616386433,-0.001472057808824678,-0.0016531999999642721
7.639923,-0.0016531999999642721,-0.0012731999999687105,-0.0011785738449428239,-0.0013546918414576957,-0.0016531999999642721
7.659923,0.0021467999999913445,-0.0008931999999731488,-0.0011533206246036696,-0.0008754843822596484,-0.0016531999999642721
7.679923,-0.0035531999999420805,-0.0008931999999731488,-0.0011100174626246426,-0.0008998433566159535,-0.0016531999999642721
7.699923,0.0002468000000135362,-0.0005131999999775872,-0.0010433762224592252,-0.0006938993006724471,0.0002468000000135362
7.719923,-0.0016531999999642721,-0.0013111999999637191,-0.0009285010579552166,-0.0009795636363321221,-0.0016531999999642721
7.739922,0.0002468000000135362,-0.0005511999999725959,-0.0007359801071216556,-0.0010393538461208388,0.0002468000000135362
7.759922,-0.0018431999999393156,-0.0009311999999681575,-0.00045314343094902357,-0.0008183515151189153,-0.0016531999999642721
7.779922,0.0002468000000135362,-0.00017119999997703417,-0.00010151994817191563,7.805874128013167e-05,0.0002468000000135362
7.799922,-0.0016531999999642721,0.0002088000000185275,0.0002589802947330045,0.0003371496503629802,0.0002468000000135362
7.819921,0.0021467999999913445,0.0006648000000041065,0.0005444465191618909,0.0007556811188850565,0.00043679999998857966
7.839921,0.0021467999999913445,0.0007027999999991152,0.0006759525881740856,0.00048064615385123605,0.00043679999998857966
7.859921,0.00043679999998857966,0.0007027999999991152,0.0006091185077923542,0.00048507505827425864,0.00043679999998857966
7.879921,0.00043679999998857966,-5.719999999200809e-05,0.0003481688574207037,0.00046071608391371366,0.00043679999998857966
7.899921,-0.0016531999999642721,-0.00039919999999256107,-6.148439207818452e-05,4.882797203253146e-05,0.00043679999998857966
7.91992,-0.0016531999999642721,-0.00043719999998756973,-0.0005532567931103697,-0.0008413818181636838,0.0002468000000135362
7.93992,0.00043679999998857966,-0.0012731999999687105,-0.0010565036410621013,-0.001403852680623738,-0.0016531999999642721
7.95992,0.0002468000000135362,-0.0012731999999687105,-0.0015023836932707235,-0.001175321212091546,-0.0016531999999642721
7.97992,-0.003743199999917124,-0.0012731999999687105,-0.001823249618947151,-0.0014029668997306533,-0.0016531999999642721
7.99992,-0.0016531999999642721,-0.0013111999999637191,-0.001956056333527188,-0.0017701230768815363,-0.0016531999999642721
8.01992,-0.0016531999999642721,-0.002109199999949851,-0.0018545984336427817,-0.0019539226106765387,-0.0016531999999642721
8.039919,0.0002468000000135362,-0.0016911999999592807,-0.001507070828535965,-0.0017081184148733581,-0.0016531999999642721
8.059919,-0.003743199999917124,-0.0009311999999681575,-0.00095186678510192,-0.0010526405594047466,-0.0016531999999642721
8.079919,-0.0016531999999642721,-0.00017119999997703417,-0.0002832614496022619,-0.00032231421909006155,0.0002468000000135362
8.099919,0.0021467999999913445,-0.00017119999997703417,0.00036182710877805433,0.00016619393941117371,0.0002468000000135362
8.119919,0.0021467999999913445,0.0006648000000041065,0.0008385754131581166,0.0008659608391630121,0.00043679999998857966
8.139918,0.0002468000000135362,0.0014627999999902385,0.0010396381740784663,0.001158268531461461,0.0021467999999913445
8.159918,0.00043679999998857966,0.0011207999999896857,0.0009314512984216519,0.001605587878770815,0.00043679999998857966
8.179918,0.002336799999966388,0.0003607999999985623,0.0005658496021536145,0.0005687813519775079,0.00043679999998857966
8.199918,0.00043679999998857966,-1.9199999996999395e-05,6.243709802389042e-05,-0.0006203794871686506,0.00043679999998857966
8.219918,-0.0016531999999642721,-0.0008171999999831315,-0.00043320604695524286,-0.000697885314671188,-0.0016531999999642721
8.239918,-0.0016531999999642721,-0.0012351999999737017,-0.0008017547631028581,-0.0008595403263203369,-0.0016531999999642721
8.259917,-0.0035531999999420805,-0.0008931999999731488,-0.0009911643039335458,-0.0009016149183888726,-0.0016531999999642721
8.279917,0.0002468000000135362,-0.0008931999999731488,-0.0010254527021442933,-0.0008077221444967708,-0.0016531999999642721
8.299917,0.0021467999999913445,-0.0005131999999775872,-0.0009758207543741379,-0.0008714983682693877,0.0002468000000135362
8.319916,-0.0016531999999642721,-0.00013319999998202549,-0.0009119666920979121,-0.0009197734265439355,0.0002468000000135362
8.339916,0.0002468000000135362,-0.0009311999999681575,-0.0008641927878706444,-0.0005543888111622616,-0.0016531999999642721
8.359916,-0.0016531999999642721,-0.0013111999999637191,-0.0008176436344447675,-0.00040602051279490066,-0.0016531999999642721
8.379916,-0.003743199999917124,-0.0005511999999725959,-0.0007364170293209505,-0.0012125240092868068,0.0002468000000135362
8.399916,0.0002468000000135362,-0.0009311999999681575,-0.0005962988192994346,-0.0012833864801511002,-0.0016531999999642721
8.419915,0.0021467999999913445,-0.0009311999999681575,-0.0004036775219332065,-0.00014072913750975025,-0.0016531999999642721
8.439915,-0.0016531999999642721,0.0002848000000085449,-0.00019267970445094258,-0.00016110209788321487,0.0002468000000135362
8.459915,-0.0016531999999642721,0.0006648000000041065,-7.929725930486538e-06,3.1555244766842975e-05,0.0021467999999913445
8.479915,0.002336799999966388,-0.00047519999998257845,0.00011548605487527536,0.0003367067599121979,-0.0016531999999642721
8.499915,0.0021467999999913445,-5.719999999200809e-05,0.0001667335746821518,0.00023439906760416322,0.00043679999998857966
8.519915,-0.0035531999999420805,0.0007027999999991152,0.00016317680562291792,0.00025432913753214526,0.0021467999999913445
8.539914,0.00043679999998857966,0.00032280000000355357,0.00014165982777330347,1.4725407932856594e-05,0.00043679999998857966
8.559914,0.0021467999999913445,-0.00043719999998756973,0.0001420500924119278,6.964382285147826e-05,0.00043679999998857966
8.579914,0.00043679999998857966,-5.719999999200809e-05,0.00019097740589949815,5.857156177802138e-05,0.00043679999998857966
8.599914,-0.0016531999999642721,0.0007027999999991152,0.00029010009566157746,6.56578088606876e-05,0.00043679999998857966
8.619914,-0.0016531999999642721,0.0003607999999985623,0.0004114469195713921,0.0006857044289005974,0.00043679999998857966
8.639913,0.004236799999944196,-5.719999999200809e-05,0.0005045488135100277,0.00052626386946455,-0.0016531999999642721
8.659913,0.00043679999998857966,0.0007027999999991152,0.0005167366150897088,0.0003052615384647465,0.00043679999998857966
8.679913,-0.0016531999999642721,0.0010827999999946769,0.0004178795660632667,0.0006174993007023079,0.00043679999998857966
8.699913,0.0021467999999913445,-9.519999998701678e-05,0.0002161183527301257,0.0006423011655040951,0.0002468000000135362
8.719913,0.0002468000000135362,-0.00013319999998202549,-4.283303971751044e-05,-0.00019033286711703495,0.0002468000000135362
8.739912,-0.0016531999999642721,-0.00013319999998202549,-0.0002916293886397719,-0.0008440391608095473,0.0002468000000135362
8.759912,0.0002468000000135362,-0.0008931999999731488,-0.00046599616109406554,-0.00030548438226296533,-0.0016531999999642721
8.779912,-0.0016531999999642721,-0.0005131999999775872,-0.000528304075512999,-0.00034047272725466483,-0.0016531999999642721
8.799912,-0.0016531999999642721,-9.519999998701678e-05,-0.00047925548791130467,-0.0006819412587186261,0.0002468000000135362
8.819912,0.0021467999999913445,-0.00047519999998257845,-0.0003519098316226288,-0.00035685967364210874,-0.0016531999999642721
8.839911,0.00043679999998857966,-9.519999998701678e-05,-0.00019222748973924924,-4.7279254067901286e-05,0.0002468000000135362
8.859911,-0.0016531999999642721,0.00032280000000355357,-3.839378899784331e-05,1.4725407930736545e-05,0.00043679999998857966
8.879911,0.0002468000000135362,-1.9199999996999395e-05,8.992874910829125e-05,0.0003070331002318356,0.00043679999998857966
8.899911,0.00043679999998857966,-1.9199999996999395e-05,0.00019040537261030428,0.0004266135198097988,0.00043679999998857966
8.91991,0.00043679999998857966,0.0003607999999985623,0.00027019407254516147,-0.00020494825174163,0.00043679999998857966
8.93991,0.00043679999998857966,0.0003607999999985623,0.0003366185003678702,0.00014714965035295564,0.00043679999998857966
8.95991,0.0002468000000135362,-5.719999999200809e-05,0.00038852818042739586,0.0004022545454534939,0.0002468000000135362
8.97991,0.0002468000000135362,0.00032280000000355357,0.00041042429114265653,0.00024901445221974807,0.0002468000000135362
8.99991,-0.0016531999999642721,0.0002848000000085449,0.0003734006947070316,0.00043281398601952064,0.0002468000000135362
9.01991,0.002336799999966388,0.0002848000000085449,0.000246482946983347,0.0007702965035154819,0.0002468000000135362
9.039909,0.0002468000000135362,0.00032280000000355357,1.6174990561434772e-05,3.066946387693842e-05,0.0002468000000135362
9.059909,0.0002468000000135362,0.00032280000000355357,-0.0002963717220564526,-0.00048042610723365284,0.0002468000000135362
9.079909,0.00043679999998857966,-0.0012732000000141852,-0.0006342691808346533,-0.0008391673659834428,0.0002468000000135362
9.099909,-0.0016531999999642721,-0.0012352000000191766,-0.0009257375394384491,-0.0010296102564304696,0.0002468000000135362
9.119909,-0.005643200000122306,-0.0012352000000191766,-0.0011172007738295235,-0.0012953445221616326,0.0002468000000135362
9.139908,0.00043679999998857966,-0.0012732000000141852,-0.0011967607688013627,-0.0008741557109762023,0.0002468000000135362
9.159908,0.0002468000000135362,-0.0008932000000186236,-0.0011894587504755589,-0.001128817715625958,0.0002468000000135362
9.179908,0.0002468000000135362,-9.519999998701678e-05,-0.0011264352101126095,-0.0010938293706210084,0.0002468000000135362
9.199908,0.0002468000000135362,-0.0008931999999731488,-0.0010123421928861546,-0.0009587477855190058,0.0002468000000135362
9.219908,-0.0016531999999642721,-0.0008931999999731488,-0.0008181251796171283,-0.0008013002330579497,0.0002468000000135362
9.239908,-0.0035531999999420805,-0.0008551999999781401,-0.0005060468354250151,-0.0006323375290943835,0.0002468000000135362
9.259907,0.0002468000000135362,-0.0008551999999781401,-6.793290103268985e-05,-0.0004627104894848527,0.0
9.279907,0.00043679999998857966,-0.0008551999999781401,0.00045284123826994896,-0.0003032699300859023,0.0
