Time,FBG1_processed,FBG2_processed,FBG3_processed
0.02,0.007958834964677657,0.0008712391607863422,0.002795038461437626
0.039999,0.003874289510185846,8.970069920492395e-05,0.000661681818124702
0.059999,0.0010843361302649394,-0.00040622004673841283,-0.00046391258744643733
0.079999,-0.000620489044544795,-0.0006841337996585929,-0.0008115116550379106
0.099999,-0.001449649883703089,-0.0008116512821705406,-0.0006108822844118375
0.119999,-0.0016126102566696705,-0.0008563832168891779,-9.179137533032651e-05
0.139999,-0.0017745682986353949,-0.0008530032634859576,0.000418698135149764
0.159998,-0.0016766195806800993,-0.0013105790210480872,0.000664152680602057
0.179998,-0.0008652442893223387,-0.0014913249417993065,0.00037746270392092053
0.199998,0.0022891846150967757,-0.0014468261073237792,0.000243779720243668
0.219998,0.0028680657339961464,-0.0010200195805348169,4.259090906407121e-05
0.239998,0.0018303734263102845,-0.000338108158623586,0.00017694988341613747
0.259997,0.0007490680650308501,4.618088564499816e-05,0.0005920780885355927
0.279997,0.00044855524452837856,0.0005452251746965735,0.0009457843822318591
0.299997,0.00020561818158986193,0.0003431505826212418,0.0012821247085609523
0.319997,0.0004279724939631438,1.9071328540284903e-05,0.0006393508157912595
0.339997,-0.000904987879002156,-0.00011470489522202203,0.0005084417248787766
0.359996,-0.0015645916085936448,-0.00019966993017394435,0.0003107494171847353
0.379996,-0.0009889039629008853,-0.00025796829847511617,4.6040792476623996e-05
0.399996,0.0005770634030497013,-0.0002434927740112283,-0.00020176806532986734
0.419996,-0.0006348480188569116,0.00048781258729325636,0.0005803764568036139
0.439996,-0.001342377156412341,0.0005670666665486418,0.0007179055943321497
0.459996,-0.0011508386948783395,0.00045811561759547296,0.0005459708624064438
0.479995,-0.0010600927741378663,0.00031326713276235937,-5.997319352145657e-05
0.499995,0.0006240330999755419,-0.0002472923077895091,-0.0005573857809200095
0.519995,0.0031650121209618586,-0.00012943682994167287,-0.0007792972028276686
0.539994,0.0034164806524087134,0.0005400270395327624,-0.0007660104895421704
0.559994,0.003779650815577286,0.0008806097901380894,-0.0009515582750910809
0.579994,0.0034734736594205402,0.0010428242423447364,-0.00048209440564223364
0.599994,0.002992191608138828,0.0015567869462892515,-0.00033337645692875506
0.619994,0.0019243594403340809,0.0020391412586405174,0.0005707261071590787
0.639994,0.0005008862468708901,0.0013438731933708547,0.0006717750582051899
0.659993,-0.0008613282053027202,0.0005866470861389865,0.0003153881118270888
0.679993,-0.001593239627217035,-8.915710966029715e-05,0.0002523811188233501
0.699993,-0.0006836825176719968,-0.000545357575877108,5.0982517423892666e-05
0.719993,-0.0005930298370165782,-0.0005527235432536285,0.0004570198134494206
0.739993,-0.0007780881121010645,-0.0005308354313778481,0.0007720547784760624
0.759992,-0.000446409790448706,-0.0006350312355665776,0.0006090011654201829
0.779992,-0.0009684377624874171,-8.039254093163679e-05,0.000973220279631348
0.799992,-0.001465151049204335,0.00019340699285874148,0.0008408426572641115
0.819992,-0.0012507454547952134,-6.42386947888947e-05,0.0012704463868649445
0.839992,-0.0007482512822844446,-0.0001944951050355047,0.0015676258740403787
0.859991,-0.000316712820737864,-0.00040838787894688085,0.0013218216782419682
0.879991,0.0016875762235269841,-0.000399879720433703,0.001151751748173706
0.899991,0.001746503962427317,-0.0003922340327993687,0.0007039428903638874
0.919991,0.000989044754971417,3.699673643474581e-05,0.0004947354311641573
0.939991,0.0006783221442409418,-9.90172495745138e-05,1.0236596671663739e-05
0.959991,0.0005046857805850399,9.615757562960138e-05,-0.0011185512820938986
0.97999,0.00018519860110364413,0.00045510862457540167,-0.0020590874126097045
0.99999,-0.0005541254082034833,0.0003037333332081096,-0.0019375489510712225
1.01999,-0.0014210484851161274,7.515524461669494e-05,-0.0018421177156413633
1.03999,-0.0017334960375417487,0.0001148755243320924,-0.0014494836830144095
1.059989,-0.0024735193475527717,0.00010014358959336143,-0.0010391107226466736
1.079989,-0.0015682512822779988,-0.000198341258874598,-0.0005547517482984571
1.099989,-0.002401071795094678,-0.000284355244873883,-4.8224941781135856e-05
1.119989,-0.0028596498836566085,-0.00024277016326659155,-0.00010006643361682268
1.139989,-0.0036352675992702213,-0.0005674321679129274,2.9420745863558564e-05
1.159988,-0.0038640787880904375,-0.00023039254085502873,-0.0002065932401444496
1.179988,-0.0026370158510127927,0.00013095944047239206,-0.00039482167837201487
1.199988,-8.827459227111578e-05,0.0005614023309251075,-0.00042759557115220313
1.219988,-1.209743609866551e-05,0.0007243393938403507,-0.000556476690032824
1.239988,0.0012139398599601678,0.0006223813518556431,-3.6080419646075397e-05
1.259987,0.0010142428902670554,0.0010270200464802706,0.0004909592073863375
1.279987,0.0015623314683413875,0.000541262470729564,-1.17214452871204e-05
1.299987,0.00039932447531166346,0.0004991645686271768,-0.00025176806532341126
1.319987,0.00048158554755213957,2.515524462739084e-05,-0.0006880151515640785
1.339987,-0.0002535659676364898,-0.00035806153858117956,-0.0005746351981884171
1.359987,-0.0010309319350183207,-0.0002495766900887942,-0.0003664766900333998
1.379986,0.0007842195801450269,-8.51244756410244e-05,-0.00045062587418266133
1.399986,0.002858625174548152,3.480559430690653e-05,-0.0003089009324604345
1.419986,0.0015684386943621727,0.0001235468530594393,5.869813513328073e-05
1.439986,0.0015860610720216796,-8.102191152496794e-05,0.00021813869457091835
1.459985,-0.0003979948720357116,0.0002689780884897325,0.0006876025640282458
1.479985,-0.0007595799536131342,-9.358601406582936e-05,0.0004763438227776424
1.499985,-0.003438064802112155,0.00022198508148392918,0.0007243624707933944
1.519985,-0.0028040554781018634,-0.00011260699312782654,0.0004032668996997176
1.539984,-0.002519323543373296,-0.0001038890444154582,0.00027482867125927887
1.559984,-0.00195743543149611,-0.00022440186494731868,0.0008328706292920706
1.579984,0.00036258787853319535,-0.0002375020980367372,0.0009125909090098294
1.599984,0.0021650820510261065,-0.00037165128218378315,0.0012518449882575093
1.619984,0.0011434969694635146,-0.0006254741259811266,0.0006030104894335018
1.639984,0.0009005365965303672,-0.00036929696980149434,8.704312347560585e-05
1.659983,0.0016484620044346673,-0.0002055440560433097,-5.2467366029279366e-05
1.679983,0.0009350820510633343,-0.00023027599077057328,6.932750576867531e-05
1.699983,-0.0011155006995596027,0.00031921118870359823,-0.00010960023315676234
1.719983,-0.0007464797205427962,0.00043443263390497214,-0.0003062435897976106
1.739983,-0.0016917011657787279,0.0003771132865628592,-0.00045594055949505836
1.759982,-0.002553519347629046,0.0003919617714151959,-0.00044929720284886415
1.779983,-0.0011725869466829835,0.00048107599053391734,-0.0007039592075065702
1.799982,-0.0009733328674014334,0.0002577892772295287,-0.0009010454545907809
1.819982,-0.0022688573429008,-0.00032519440573448714,-0.0014838892774248298
1.839982,-0.0005246848487111121,-0.00010027599082689705,-0.0013200198135572792
1.859982,0.002388625174586258,-0.0003469892775352832,-0.0017806258741590215
1.879981,0.001365501631458348,-0.00039127832180261006,-0.0015414650350030951
1.899981,0.0020991146850551584,0.0001300270394935844,-0.001005567599115097
1.919981,0.001764639160586159,-6.260699313428232e-05,-0.0005759638695206239
1.939981,0.0009426811186188357,-0.00029291002345211374,0.00015701981345211496
1.95998,0.0006110727270213903,0.00037049323997489684,-0.0004900431235989733
1.97998,0.0002776228435924029,0.0005789780884480106,-0.0003992505828056377
1.99998,-0.001169486713484577,0.0005561575756289329,-0.0001933065268626616
2.01998,-0.0016947314687324791,0.0005114023308780325,0.00024294055938012564
2.039979,-0.0016708153848099963,0.00039019020965923713,0.0003310757575164674
2.059979,-0.0010334027974060935,0.0003981156176123361,7.862820506921288e-05
2.079979,0.0009424013984044825,0.00011715990666211802,0.00048165850809215975
2.099979,0.0016866438226419876,5.5015384494822646e-05,0.0005436631700934476
2.119979,0.002856107692078895,-0.0007387841493045247,0.000782824009248844
2.139979,0.0030301636361262877,-0.001043166433683121,0.0016491177155278766
2.159978,0.004396084382032345,-0.0010303692308858974,0.000980353146773767
2.179978,0.004095991141919773,-0.0009296932402118046,0.0007035466199755076
2.199978,0.002687809323754402,-0.001097991608514568,0.00029387296031113674
2.219978,0.0019313990673267838,-0.0008916512821832119,-0.000363819347369516
2.239978,0.001016200932114152,-0.0010256372961632595,-0.0007672925408326451
2.259977,0.0013037766896957926,-0.0005252876457836483,-0.0005338892774383082
2.279977,0.0040928675987829165,-0.0002531431236478134,-0.00015034615390210112
2.299977,0.002690326806228957,0.00037317389266786197,-0.0004891573427085387
2.319977,0.004003217249120938,0.00021492214440967385,-0.00030092890448309346
2.339977,0.003286480652385536,0.0002859011653949932,0.00013974708618536637
2.359976,0.0044600237759348585,0.00036112261061679586,0.0003053881118253058
2.379976,0.0036902102561303983,0.00010135571086125329,7.90710955136352e-05
2.399976,0.0022277393936747164,-0.00016883076934427386,-0.0001445885781431617
2.419976,0.0016771566431072098,-0.00012186107238981204,-0.0007004160839644422
2.439976,0.0009431473191087697,-0.00010102191155715427,-0.0004395536131039043
2.459975,-0.0008779715619920375,0.0005599804194553753,5.2497668933098864e-05
2.479975,-0.001378134732163379,0.0005322414917122803,0.0005591643355915172
2.499975,-0.0025953841494268403,0.000580866200364746,0.00030184498827575746
2.519975,-0.002197808391842547,1.618088566614982e-05,0.0003527773892067687
2.539975,-0.0027268759909428626,-0.00011927365977978152,0.0005365769230038913
2.559974,-0.0020147314687921814,-0.0006271058275848583,0.0007380920745169548
2.579974,-0.002250465734548206,-0.001138830769312631,0.0004391410255701916
2.599974,-0.0018445449886325736,-0.0006826769231571625,0.00031734615377806703
2.619974,-0.0021331696972488575,-0.0006257538462495402,-0.00018976340332371353
2.639974,-0.0015946382287032664,-0.0005821641026823987,-0.0003204160839724836
2.659973,-0.0018194167834713496,-0.00032691934744871347,-3.430885787050632e-05
2.679973,-0.002255943590023361,-0.0008204391609696209,0.0002579988344337728
2.699973,-0.002416666200754123,-0.00042153473204517116,0.0002137097901452456
2.719973,-0.0012763398604389508,-0.00022288671340366198,0.00039529487172820695
2.739973,-0.0018241020982089659,-0.00030808484859816626,0.0004440128204455867
2.759972,-0.0019320275061268934,-8.456503507186624e-05,-0.00017426223782034394
2.779972,-0.0027388107229062934,0.00019026013974315358,-0.0006459405594955429
2.799972,-0.0013342419583056316,0.0007560876455656869,-0.0008120244755793747
2.819972,-0.0020330065270645604,0.0005965072259699919,-0.0005573624709216687
2.839972,-0.0013202559442998083,0.00031708997653580084,-0.00028498484854802195
2.859971,-0.0015014680654943208,-5.32130537619403e-05,0.00024869813512846495
2.879971,-0.001836153380178411,-0.0005341221446541431,0.0007841526805789309
2.899971,-0.0018607687647846486,-0.0008392736597767075,0.0009701666665891548
2.919971,0.00031659720254203247,-0.0012591337996071404,0.0011251783215984698
2.93997,0.0014985785545225897,-0.0016152876457585599,0.0013643391607570461
2.95997,0.0020045459204675728,-0.0015502759907382606,0.0005627074591362951
2.97997,0.001518485314412481,-0.0015131664336444847,0.0008935466199675116
2.99997,0.0007057114216453394,-0.000973399533897852,0.0006543857808121154
3.01997,-0.001764032168098835,-0.0005702060607004869,0.000767765734191487
3.03997,-0.0022973421914144333,-0.00026876083925948856,0.00048032983676207287
3.059969,-0.00220659627064905,-9.540419591228119e-05,0.00014373310017615692
3.079969,-0.001688694172736396,-0.00014025268078321683,-0.00043202447556886563
3.099969,-0.0021955240095787726,-0.00028615011668913366,-0.0010029102564480333
3.119969,-0.00040689930097595993,-0.0001762433567763067,-0.001735893939422892
3.139969,0.0018811193470605865,-0.00013034592088556884,-0.0019684114219389844
3.159968,0.002945594871531475,-0.00019943682995945288,-0.002103493007021907
3.179968,0.0022031473190859,-0.0002342620047825641,-0.0010604860140315986
3.199968,0.0009946857806300009,-0.0003198097902998655,-0.0007221177156685233
3.219968,-0.00019368251774840787,-6.943682989970471e-05,-4.006643362944567e-05
3.239968,-0.00041370582779445223,0.00016923449877112725,9.235780879277342e-05
3.259967,-0.0013658503499587723,-2.442517490894157e-05,0.0003802365966681997
3.279967,-0.0024415846157076772,-0.00031936689988565364,1.5652680036778332e-06
3.299967,-0.005189696503812709,-0.0005457538462956981,-0.0002575256410823508
3.319967,-0.005622004196115448,-0.0007720708626301591,-0.0011348916084348401
3.339967,-0.005499416783515294,-0.0008072923078761005,-0.0011393205128652829
3.359966,-0.005216899300969616,-0.001069436830017573,-0.0011481783217245785
3.379966,-0.003836316550386102,-0.0013906489512211454,-0.0007743787879290915
3.399966,-0.0022751743592204173,-0.001050812121375226,-0.000528574592131741
3.419966,-0.0014666895107405017,-0.000771814452362736,0.00018226456869567412
3.439966,-0.0014666428906934701,-0.0002709519814906793,0.0005077890442134335
3.459965,-0.0010979715620386809,-0.0002927468532914753,0.001659747086153731
3.479965,-0.0005614913755466135,-1.9646620187502165e-05,0.0015441526805660283
3.499965,0.00017885827483497666,-0.00012099860153163877,0.0011743391607608017
3.519965,-8.228391631411562e-05,-0.00022223403275686924,0.0007177191141525003
3.539964,0.00026934778530113637,-0.00011260699312464642,0.0006251550115873056
3.559964,0.0010818885778453064,-0.0005960335665263859,0.00040149533793050853
3.579964,0.0025280657339954186,-0.0005949379954060203,0.0002221247085627687
3.599964,0.0014143827502997957,-0.00048095198142953846,1.2194638631652158e-05
3.619964,0.0018716321675432985,-0.0006890871795565347,-8.178321740752329e-06
3.639963,0.0010934270393302553,-0.0004629566434308736,0.00027305710948741994
3.659963,0.002341282517176035,-0.00024953007001685124,0.00045685664328136243
3.679963,0.002785501631423724,-9.747878795831501e-05,9.988694631774171e-05
3.699963,0.0032164573424139356,-0.0003149846154651427,4.674009317256919e-05
3.719963,0.0017150587410090156,-0.0002964764569713821,0.00012203146846518536
3.739963,0.0014090680650282088,-0.0004125370630283483,7.552797196249685e-05
3.759962,0.0020869002328556445,-0.0008704391609435548,0.00046970046612879846
3.779962,0.0012666438225777065,-0.000993516084022444,0.0006938030302263077
3.799962,-0.00046853100261158933,-0.000942979953504193,0.00017783566426788158
3.819962,-0.00041104848511678855,-0.0010270125875366685,-0.0002920710956280381
3.839962,-0.0017701393942113122,-0.0007498797203954024,-0.00010561421917657204
3.859961,-0.0012286242427054716,-0.0006270358975357748,-0.00027612703968819645
3.879961,-0.0013474121214907748,-0.0004998797203561303,-3.386596743403405e-05
3.899961,-0.0008352675993423609,-0.00044950675997360706,-9.985664342081232e-05
3.919961,-0.0010527501168142775,-0.0007443552448122637,-0.0004010221445759067
3.939961,-0.0005831463872041925,-0.0011861734266200312,-0.0010565000000402783
3.95996,0.001080816316748722,-0.0008592037296707692,-0.000746033799577756
3.97996,0.001577436363375285,-0.0003627002331806021,-0.0003275023310509096
3.99996,0.0020139864799362376,0.0002323347318244096,-0.0006313251748667078
4.01996,0.0024618419577983885,-0.00045925034978269805,9.094405544016464e-06
4.03996,0.002737972493911234,-0.0007989939395271324,0.00037049300693542994
4.059959,0.002892121678033755,-0.0009287142192617559,0.00016676340320502503
4.079959,0.0028077393936318416,-0.000986150116688324,0.0002907727272076008
4.099959,0.0028809095568144314,-0.001337175757716006,0.00032974708618373075
4.119959,0.00016895151488591754,-0.001706033566559984,0.0005773228437587702
4.139959,-2.3822377874036264e-05,-0.0015746582751755877,0.00033151864795717955
4.159958,-0.000886036830054433,-0.0007468027973092876,0.001060073426502656
4.179958,-0.0003091836831810951,-0.00027971655021456933,0.0008895606059905014
4.199958,3.324055924358452e-05,0.00031049323999441015,0.0010600734264994758
4.219958,0.0004478559438271337,0.00020669370620943051,0.00132802214444268
4.239958,0.00015363682957067774,0.00028119254073959735,0.0007318916083210132
4.259957,-0.0005561300702163343,0.0004533370628708536,0.00016056293699901294
4.279957,-0.0007227034967900305,0.00022433939387575818,-0.000592350815905948
4.299957,-0.0016134261074845213,2.8162237680322837e-05,-0.00014237412593642054
4.319957,-0.002893915617949252,-2.2746853222667095e-05,-0.00018001981357928346
4.339957,-0.002987272261297566,-0.00010461165509384381,-0.0006206958042482733
4.359957,-0.0026424703964906676,-0.0005230032635055636,-0.0003837494173033282
4.379956,-0.001092563636588758,-0.0004279449884498435,-0.0009528636364101068
4.399956,-0.0011786941727191394,0.0001895841490667497,-0.0006450547786045783
4.419956,-0.001640162704198665,0.00011774265723067719,-6.849650409075409e-06
4.439956,-0.0033927501168016364,-0.0003921407926565432,0.0005821946386299254
4.459955,-0.004082120746196703,-0.0006513016318261055,0.0006441993006343934
4.479955,-0.0036670857811580623,-0.0009192503497820297,-0.0001397167832730668
4.499955,-0.002530908624953508,-0.0008614648019907939,0.0009258776223053978
4.519955,-0.0017072955713464816,-0.001057175757675625,0.00014816200460341956
4.539954,-0.0004663631704190197,-0.0009956372961335304,-0.00021943706298976543
4.559954,0.0012716088575720772,-0.0007605557110709393,-0.0005117447552935145
4.579954,0.0010986018645757576,-0.000656033566536553,-0.001047642191185223
4.599954,0.00039704009299859795,-0.00037631328682818715,-0.0007907657343133556
4.619954,-7.015851062240619e-06,-0.0007661268066523495,9.944405588338968e-05
4.639954,-0.0015572023312574743,-0.0008893902099320884,0.0006455279719639501
4.659953,-0.0021513282053986205,-0.000660299300827028,0.0008226841491143485
4.679953,-0.0023712815853712014,-0.0006267328672658402,0.0012079988344208244
4.699953,-0.0024412815853550613,-0.0006287142192395397,0.0018856212120315794
4.719953,-0.003220512354591156,-0.0005683645688821948,0.001331565267983218
4.739953,-0.003199440093525456,-0.00035843449895584824,0.0014710757574918135
4.759953,-0.004275896969963347,3.655384601576397e-05,0.0010481153845366444
4.779952,-0.005314311888373705,-0.00016435524490601925,0.0004657144521433076
4.799952,-0.0040572955713790845,-0.00014675617732488451,0.0002110524474856018
4.819952,-0.002551304895385734,-0.00023090536147626607,0.0004435699300022243
4.839952,-0.0010999762240547122,-0.000273306293863428,0.0005609358973692062
4.859951,0.0003674130533398277,-0.00030447179500589483,0.0003288613052954159
4.879951,0.001964079720000188,-0.0005702993008358926,0.0006167400931708423
4.899951,0.0019006065265441462,-0.0006196000001393216,0.001128721445144308
4.919951,0.0019772032631250477,-0.00044311981366532713,0.0007766235430529023
4.93995,0.00149899813490454,-0.00034862097917664526,0.000650399766832455
4.95995,0.001545851281752286,-0.00015568391625552335,0.0003310757575154074
4.97995,0.0017858046617141225,-0.000721068531670205,0.0001450617715020036
4.99995,0.002634196270088025,-0.0010823505829390023,5.2054778494506706e-05
5.01995,0.0014100470859257867,-0.0011679916085577887,0.000339933566368343
5.039949,0.0023398139857043216,-0.000708434498989629,-2.7665501228022263e-05
5.059949,0.001800210256123627,-0.0004832596738140859,-0.00021367948724142623
5.079949,0.001433846619757984,-0.00010533426588406127,0.000184921911353728
5.099949,-0.0004124470865304094,0.0006960410254872869,0.00021592424235410688
5.119949,0.00027037342628655724,0.0005723114217610752,-0.00028941375297475457
5.139949,0.0007922382281784103,0.0006946424240969867,1.5737762176960368e-05
5.159948,0.0010981822841296756,0.00024179860127339527,0.0001548053612448435
5.179948,0.001262587878548963,-0.0011473855479147118,0.0007420780885045652
5.199948,0.0013414689974233201,-0.0015828167833251581,0.0007642226106456487
5.219948,0.00045265780860362435,-0.0015173156178144639,0.0009148053612245209
5.239948,0.0005349421909023326,-0.0008498564103491695,0.0007907960372155849
5.259947,-0.0013950344991015696,-0.0005149613054505189,0.0006357843822057398
5.279947,-0.0012929365970277059,0.0001379524474874942,0.00029032983675628826
5.299947,-0.0025966428907534247,0.0005937566432729945,-0.00028985664342129705
5.319947,-2.540745951182667e-05,0.0005936634031768098,0.0001751783216114179
5.339947,0.0013118885778089315,0.0008427776223028571,0.0009236631700917663
5.359946,0.00103424289014978,0.00026403636356949443,0.0010507727271984082
5.379946,0.00043102610694173557,-0.0006610685315619862,0.0009404930069204529
5.399946,0.000386830302757874,-0.0011144717949913064,0.0004980454544780137
5.419946,0.00046923123514368704,-0.0014157771563033984,0.00025002680646597205
5.439945,0.0007624713283907333,-0.0011042853148172946,-0.0002814417249937035
5.459945,0.0006092079251273761,-0.0008916979022419046,-0.0007615349650816555
5.479945,0.0013558512817650522,-0.0003159403264698515,-0.0013572226107594304
5.499945,0.0009262941721995911,-0.00010235058290155116,-0.0015649382284732055
5.519945,0.0026119585078936878,-6.07655013037998e-05,-0.0018262435897733954
5.539945,0.001500093706032326,0.00011091282038363343,-0.00129477505831107
5.559944,-0.00038878741285414917,-7.193100245542097e-05,-0.001020182983724322
5.579944,-0.0010297198137827592,-0.0005768727273959026,-0.0008124673660105466
5.599944,-0.0007076219116829219,-0.0012447981353188,-0.00014591724947112856
5.619944,-0.000841351515441127,-0.001945847086346803,0.00020130885775124214
5.639944,-0.0008755006995862444,-0.0017169892774694844,0.0006238263402630489
5.659944,-0.0007558736599575385,-0.001670229370714743,0.0009537797202064808
5.679943,-0.0008347780888461364,-0.0013283878788512026,0.001340865967286406
5.699943,-0.0010792303032901493,-0.0017340055944825897,0.0015490244754387734
5.719943,0.0002581589741289137,-0.0016372689977596755,0.0009595372959595903
5.739943,0.0009826578086350464,-0.0013243319348388892,0.0009484650348871934
5.759942,0.003299371095356326,-0.0007951944057202312,0.000547649184076288
5.779942,0.005138368764331592,-0.0009491104896462813,0.000479001165429866
5.799942,0.00469846200441028,-0.00107237389290959,0.00022433916077215996
5.819942,0.0026262009321123434,-0.0008521874127124472,-0.00021633682989682988
5.839942,0.0008949655008408352,-0.00033260699311086914,-0.0003248449884013363
5.859941,-3.342610755952035e-05,8.806899757469513e-05,-4.493822850166085e-05
5.879941,-0.0029609785550925058,9.47356642748809e-05,0.00040459557102927454
5.899941,-0.0036819109560364393,0.00026862843816322524,0.0005618216782554008
5.919941,-0.0031516778557899947,0.0007091878787233793,0.0007013321677655862
5.93994,-0.0026228666669528625,0.001015504895045603,0.0009382785547100014
5.95994,-0.0020202326342868776,0.0008854815849885741,0.0008696305360630493
5.97994,-0.001564544988574702,0.0007885118880013476,0.0010738030302309865
5.99994,-0.0017551743591764685,0.0005460643355436856,0.00046261421905090217
6.01994,-0.0026335426575467783,0.0003496773891649602,-0.00045239743596671054
6.03994,-0.0017843118883294734,3.613426561367315e-05,-0.00018001981357133347
6.05994,-0.002782307226315769,-0.0004953808858909147,0.00023408275054150052
6.079939,-0.0033052909092849882,-0.0009935393940472854,-0.0002867564102774804
6.099939,-0.0016859902100122297,-0.0011082013987044111,-0.00020703613055124138
6.119939,-0.0009172023312483105,-0.0013684578089609481,-6.0882284397511676e-05
6.139939,0.0003174596734293563,-0.0010071291376286882,0.00019599417247223545
6.159938,-2.6153380184312748e-05,-0.0014525603730780176,4.54114218822331e-05
6.179938,0.0012568069927635925,-0.0010038890444253959,0.00016499184144694616
6.199938,0.0007735202794843995,-0.0011540988346407295,-0.00029162820518255584
6.219938,0.0015235202794829645,-0.0010705324010653271,-0.000738504662077168
6.239938,0.0015641263400935665,-0.000914401864938366,-0.00031288694644486477
6.259937,-0.0005743818184114015,-0.0009938890444077127,-0.00022209440565152915
6.279937,0.0006048023307594053,-0.0010529566434676928,-0.00041918065273414994
6.299937,0.0008928675987789707,-0.001298877389363809,0.0002916585080975054
6.319937,0.000998438694343759,-0.0016505557110271533,0.00015214801858891
6.339936,0.0006592778552007442,-0.001387362237809698,8.349999994142791e-05
6.359936,-0.00028121165529187964,-0.0015674554779135943,4.142540786653215e-05
6.379936,0.0003211193470516997,-0.0010384578089418636,0.00036872144515933054
6.399936,-0.002080302564334998,-0.0010054974360053464,0.0008895606059862616
6.419936,-0.0010084144524018664,-0.0006043552448948948,0.0005746655010948866
6.439936,-0.0025841953381841266,-0.0005116979022568358,0.00039706643349794583
6.459935,-0.0031952675992511347,-0.0007275254080911692,0.0002088379952703805
6.479935,-0.0010034960375218396,-0.0009747048952539787,0.00041301048943778767
6.499935,-0.0010024237764803758,-0.0008796000001427461,0.0005990244754517215
6.519935,-0.0021500461540964856,-0.0011394601399706229,4.5411421847252526e-05
6.539935,-0.0024462000002684783,-0.0010425836830907113,-0.0001671759907355577
6.559934,-0.002382773426848869,-0.0007962433567485136,-0.000456826340382313
6.579934,-0.0015203025643665984,-0.00048363263413310357,-0.00029694289049813304
6.599934,-0.002304708158741133,-0.0003784111889144326,-0.00017691958047468751
6.619934,-0.0015311417251677928,-0.0002587375292312743,-0.0007110454545876468
6.639934,-0.002785524009538211,-0.0005941221446155496,-6.132517487797474e-05
6.659933,-0.0016662000002163344,-0.0009957771562756877,9.53729598525871e-06
6.679933,0.00014662051259910572,-0.0011900428905417364,0.00031956060600441845
6.699933,0.0008689048948868365,-0.001260182750717044,0.0009435932400319387
6.719933,-0.0004290904431280351,-0.0011895300700736713,0.0011273927738280013
6.739933,-0.0002696731937321988,-0.0009450312355953468,0.0015485815850070713
6.759932,-0.0015611184151806314,-0.0003194135199745567,0.0012341293705564085
6.779932,-0.0016679016319868108,-0.00019799160852954043,0.0008306561770885094
6.799932,-0.0023415379956120753,0.0002179058273996042,0.00019023659667831525
6.819932,-0.002967179021245517,-2.6569697061829477e-05,0.00018580769224840255
6.839932,-0.002813123077176249,-0.0003641454546470851,-0.0001507890443465237
6.859931,-0.0032113048953603027,-0.0005358470863545895,-0.00012200116555924603
6.879931,-0.00148652634055799,-0.0007645883451002821,-0.0005055442890943929
6.899931,0.001510326806292591,-0.000744798135311807,-0.00017559090914672073
6.919931,0.0023171333330735118,-0.0007655673660784212,6.578438222336704e-05
6.93993,0.0031008629368092728,-0.0002677118882333261,0.0003780221444545681
6.95993,0.0028647790207034208,-0.0002612783217873823,-1.0920746538461024e-06
6.97993,0.0020488116547105885,-0.0005526303031383633,0.000291215617649903
6.99993,0.0010061543120356564,-0.0005461967367088499,0.0006765303029595591
7.01993,0.0003119118878102461,-0.0010893668998994443,0.0010556445220669133
7.03993,-0.0007100927741968369,-0.0012166629371963356,0.0006149685313979233
7.059929,-0.0032330764571590486,-0.0011703925409155586,0.001053872960296644
7.079929,-0.0014134960375620776,-0.0010143319348249603,0.00016322027966236678
7.099929,-0.001179183683254585,-0.0003307888112660074,-0.0002814417249937035
7.119929,-0.0016574354315088747,-0.0003988540793316801,-0.0007819079254524701
7.139929,-0.0019779482520011315,0.000265225174740994,-0.0011468496503913115
7.159928,-0.0010981347322056795,2.1309090833348393e-05,-0.0011092039627442084
7.179928,-0.0006653841494484482,-0.0002957305362188645,-0.000858970862513765
7.199928,-8.291328698853775e-05,-0.0004746349651115108,-0.001188924242464617
7.219928,0.0011014689974149809,-0.0006572223776974525,-0.0007438193473678345
7.239928,0.001111235897180542,-0.0007368261073175057,-0.0003700198135723477
7.259928,0.000490513286441438,-0.0003936326341308379,-0.0001751480187054785
7.279927,-0.000590792074867147,-0.0005947748252612822,-0.00010029953385675462
7.299927,-0.0009258270399180252,-0.0006239123544179979,2.1495337935369856e-05
7.319927,-0.0003099296040268939,-0.0005621407926698919,1.4851981290235833e-05
7.339926,-0.0013209086250038416,-0.000595031235563686,0.00028280069923343996
7.359926,-0.0035069459210483296,-0.0006739123544555329,9.147202791081883e-05
7.379926,-0.004887994872060297,-0.0006868494173890834,-2.146503502731041e-05
7.399926,-0.004132447086495093,-0.0006338424243643374,-0.0005152878788462429
7.419926,-0.00395818135222519,-0.0004279216784382524,-0.00018090559446918804
7.439925,-0.004052120746168034,-0.0006039356644525235,-0.0005728636364234481
7.459925,-0.0035112116552518833,-0.0004739822844800883,-0.0009692505828060308
7.479925,-0.003917062471091932,-0.0007450545455256993,-0.0011264766900300374
7.499925,-0.0005317944058302795,-0.0011266862471409997,-0.0012039825175341648
7.519925,0.0005338466197941578,-0.0010777118881795172,-0.0012460571096069406
7.539925,0.00044752960345603656,-0.000903889044343436,-0.0009382482517998219
7.559924,-0.001505430769489951,-0.00045701258749387475,-5.025291381246807e-05
7.579924,-0.0017286009326489328,0.0003116820511966501,0.0010552016316272609
7.599924,-0.000232680186753089,0.0004000270395226424,0.0014050850815066252
7.619924,-0.0010285076926086786,4.7719347202895796e-05,0.0016929638693820516
7.639924,-0.0011180181821088895,-0.0006258703963832866,0.0011969265733505477
7.659923,0.00012023356617224795,-0.0003964065269194576,0.0007938962703249509
7.679923,-0.0006510251750939259,-0.0003337025642201046,0.0006158076922344354
7.699923,-0.0006208386948946178,-0.0005330731935733901,8.993356637147131e-05
7.719923,-0.0006031463871950381,-0.00046134825185357314,-0.0004534230769749219
7.739923,-0.00012617669024553324,-3.388904439555773e-05,-0.0005669428904906202
7.759922,-0.0004168993009432923,-9.21641026899086e-05,-0.00048092890447596476
7.779922,-2.9882983929940192e-05,0.0003235468530145358,-0.0005541223776680256
7.799922,-0.0009157337998131668,0.00015715990660087844,-0.0005278752914198956
7.819922,-0.002693542657638567,-0.00037845780900916566,-0.00021927389282806742
7.839921,-0.003768950583024325,-0.0007638657344065263,-0.0001234696970272498
7.859921,-0.0027830997671667297,-0.00044482144537697285,4.343006986719299e-05
7.879921,-0.004326806060874287,-0.0007254275059763034,0.0006844557108808575
7.899921,-0.0033426568767071377,-0.0007050545455959488,0.00043294055937318984
7.919921,-0.0012478783219130587,-0.0009948214453621399,0.0002203531467887896
7.93992,-0.0004876219116447581,-0.001226639627169567,0.0005038030302358931
7.95992,0.0015003967363944827,-0.001242467132995803,0.0003177890442246093
7.97992,0.0012388815848717821,-0.0008581081586283149,0.000583523309956302
7.99992,0.00010473240068954877,-0.0003671990677131289,0.0004639428903778088
8.01992,-0.0005437524478063614,-9.225734276065286e-05,0.0012562272726446297
8.039919,-0.001449649883691955,0.00011026013975539106,0.0011307261071518589
8.059919,-0.0006330764571327533,7.704335654297071e-05,0.0006006561770920237
8.079919,-0.0012238223778924095,-0.0001919076923979137,0.000411844988285829
8.099919,-0.0013898829839582901,-0.0004521874127063226,0.00016126223770767832
8.119919,-0.001906969231037543,-0.0007362200467453059,0.0003440128204526681
8.139919,-0.001584195338267661,-0.0010440055945148629,0.00033329020973062905
8.159918,-0.0010372955714024602,-0.0009825137530399407,-0.0007909522144914147
8.179918,-0.0033223305364421863,-0.001225287645804039,-0.000824984848519746
8.199918,-0.00407827459239895,-0.0006746349651519386,-0.0009168263403636243
8.219918,-0.003866852680978169,-0.000762373892904141,-0.000497479021022987
8.239918,-0.003290465734558194,-0.0005556372961616148,-0.0013354743589955964
8.259917,-0.0025724004664799847,-0.0010664531469603315,-0.0017350081585202673
8.279917,-0.0012888806529687512,-0.0010749846154776803,-0.0015135629370776316
8.299917,-0.0026999062939723566,-0.0012578983684082186,-0.0006551946387257278
8.319917,-0.002092586946661507,-0.0013293668998669724,-0.00013293356647729542
8.339916,9.440606032885921e-05,-0.0015054741259694783,9.888461533278184e-05
8.359916,-0.0005206988347722622,-0.0018642153847219182,-0.00046542773896517527
8.379916,-0.0010493468534185466,-0.0016190871795744711,-8.617365971990408e-05
8.399916,-0.0007982046622632868,-0.001124355244854573,0.0007765303029662579
8.419916,-0.0003793002333612415,-0.0013392270397398483,0.000512427738865857
8.439915,-0.001065757109801681,-0.0009097165502171798,-0.00014887762242879758
8.459915,-0.0009924703965261557,-0.0009405790210844118,6.604079248495992e-05
8.479915,-0.00015223729629546378,-0.0006594834499761363,0.0007373694638025285
8.499915,-0.0002844051284438998,-0.0007919776224781792,0.0008128006992304114
8.519915,0.0013457347316931242,-0.0009816979022102498,0.0005633834498111092
8.539914,0.0011354083913821082,-0.0007619076924285173,0.0009851783215984195
8.559914,1.3524473262702466e-06,-0.0012075720280997583,0.0006915885780190362
8.579914,0.0010272731932119898,-0.0009341454546580784,0.0008138263402539929
8.599914,0.0009543594403206734,-0.0007628400933712844,0.001367439393861112
8.619914,0.0005258512817882647,-0.0006108820514094629,0.001363010489432789
8.639914,-0.001469673193746863,-0.0006565930071051814,0.0012956445220641218
8.659914,0.00024596783189647037,-0.0007748214453335165,0.0011400268064518666
8.679913,-0.0006747081587658767,-0.0012099729604554083,0.0006564603728979
8.699913,0.001093963169900543,-0.001558551049034827,-2.267715623054128e-05
8.719913,0.0015222615382157407,-0.001509646620141508,-0.0007521876457287854
8.739913,0.0007315156174734273,-0.0014033296038072414,-0.0013691806527074218
8.759912,0.002116760372684915,-0.0014352643357578075,-0.0012434230769488176
8.779912,0.003152704428609979,-0.0016487841492791445,-0.0011526305361576018
8.799912,0.0027989981349259025,-0.0010745650350628693,-0.000693772727308178
8.819912,0.002659464335392996,-0.0009340055945164513,0.00029259090903815255
8.839911,0.0021087184146818113,-0.0012293202798360316,0.0004822179486544281
8.859911,0.001553776689769516,-0.0015398797203809585,0.00046601748245299313
8.879911,0.0012115622375514475,-0.0018109286714197482,0.000572684149116417
8.899911,0.0006423314683088028,-0.0017342853148045343,0.0010365536129754431
8.919911,-0.0003549645689953277,-0.0015198564103748118,0.0008337564101846251
8.939911,-0.00014454498859872668,-0.0014466629371769212,0.000652171328601664
8.95991,0.0006363874122997226,-0.0012295533800902737,0.0013962272726489196
8.97991,0.0005224013983152907,-0.0013798564103938418,0.0009329638693928341
8.99991,1.8671794606660687e-05,-0.0007080615385752095,0.0009732668996911007
9.01991,-4.96498836840345e-05,-0.0006576186481478431,0.0007473927738201424
9.039909,0.00013118927720736026,-0.0008600428905650521,0.0002956445220776956
9.059909,-0.0012375986015612408,-0.0009265930070891884,0.0003115885780201873
9.079909,0.00047498881103088934,-0.0009725370630359687,6.578438222177695e-05
9.099909,-0.0013779715619242994,-0.0006462200467154794,1.5652680057975975e-06
9.119909,-0.0017515379954989346,-0.0010066629371525346,0.0002783717948109473
9.139909,-0.0023410717950596007,-0.0008669193474262678,0.00037802214446145836
9.159908,-0.002079276923279616,-0.0008727468532692711,0.0005441060605442299
9.179908,-0.0029013048953373637,-0.000764844755366115,0.000488744755183836
9.199908,-0.003376549650588012,-0.0006896466201463632,0.0010450151514426486
9.219908,-0.003703519347567484,-0.0008570358975550509,0.001375807692227893
9.239908,-0.003061071795140268,-0.001140835431353572,0.001179886946312601
9.259907,-0.0016108386949264316,-0.0010453109558174584,0.00065646037289366
9.279907,-5.2470396550956776e-05,-0.0015060568765502273,-1.510139865748024e-05
9.299907,0.00020233146825579616,-0.0014961501166234287,-0.000615124708671633
9.319907,0.0006633804193221009,-0.0021564065269009313,-0.0014013717949047403
9.339906,0.0017562475521876472,-0.0020025836830980964,-0.002289250582770538
9.359907,0.0025340564100075407,-0.0019143319348497384,-0.0028916748251853917
9.379906,-0.00042461491866964017,-0.0014758470863488683,-0.002175381118906072
9.399906,-0.0023802093242446002,-0.0015176885781822424,-0.0016275955711302962
9.419906,-0.002550745454794316,-0.0007576186481375814,-0.0011637261072717999
9.439905,-0.0014610717951375,-0.0006762200467335482,-0.001289460373000263
9.459905,-0.0002648247088837655,-0.00040580046631087966,-0.00063176806532067
9.479905,0.00012226153821418017,-0.0009528400933590485,0.00014550466193741593
9.499905,0.000981468997428567,-0.000900229370750243,0.00028014335657326625
9.519905,0.0016106764566740277,-0.0015418377623897077,0.0004169965034264581
9.539905,0.003257436363441608,-0.001910019580568942,0.0005476491840778781
9.559904,0.001462657808667625,-0.0015044251749756466,0.0004967167831468668
9.579904,-0.0020021440561199476,-0.0006647981353219241,0.0003886515150793627
9.599904,-0.0030502093241796106,-0.0006759869465195869,0.00026242773885838536
9.619904,-0.0028586708626609793,6.667039613577858e-05,-0.00031332983688822733
9.639903,-0.0020379482519688984,-0.00018374918426477367,-0.0003531899767436618
9.659903,-0.0008181347321997492,-2.9087179585146153e-05,0.0007013321677655862
9.679903,-0.0003682745923517777,-0.00025384242434375843,0.0009559941724254122
9.699903,0.0011034503493674798,-0.0003460335665353444,0.0012638030302309406
9.719903,0.002768811654715994,-0.000691861072376955,0.0017841993006208693
9.739902,0.0032968303027191264,-0.0010202759907741495,0.0013054347318630043
9.759902,0.0023767836826840308,-0.0006392969698109415,0.0009599801864087825
9.779902,0.001385944521878776,-0.0006258937064044176,0.00012911771555421169
9.799902,3.6154312119240114e-05,-0.0007602993008225965,0.0005237331001569853
9.819902,-0.0012013282053590982,-0.0006766396271563096,-0.00030491491847971404
9.839901,-7.860093264838068e-05,-0.0011127468532495196,-0.000851884615442759
9.859901,0.00014016363608114962,-0.0009936559441354506,-0.0009603927739488554
9.879901,-0.00031337948744474724,-0.0013132363637119709,-0.0011725372960914833
9.899901,0.00012641072233168836,-0.0011875487180252407,-0.001495847319393491
9.919901,0.0012814923074104334,-0.000709320279775122,-0.0016464300699702435
9.9399,0.0009207463866605125,-0.00035918041962409444,-0.0015932832168197705
9.9599,-0.00013946340353474126,-0.00024957669004586333,-0.0014555442890830344
9.9799,-0.0012324703965382047,-0.00025642983691668815,-0.0012008822844232084
9.9999,-0.0028454773895416267,-0.00037920372970921227,6.401282045256814e-05
10.0199,-0.0036419575760106185,-0.0007189240094706763,1.5652680068578388e-06
10.0399,-0.002697808391861201,-0.0009218377624100804,-0.00012465850821676954
10.059899,-0.0022231463872199224,-0.0008293435899257694,-0.00013130186486190354
10.079899,-0.0019202093242722984,-0.0016309519815301593,-0.00017780536136724207
10.099899,0.0004602335661782757,-0.0015447048952517218,-0.0007075023310561187
10.119899,0.0011684153844048783,-0.0011347282052516952,-0.0007473624709157928
10.139899,0.0009689981349759399,-0.001114728205237529,-0.0007473624709157929
10.159898,0.0009465039624940391,-0.0016169659674543746,-0.0009510920746430177
10.179898,-0.0009074121214250478,-0.0016140055944898156,-0.0006809289044830022
10.199898,-0.002418297902324465,-0.0016485510490286126,-3.608041964395524e-05
10.219898,-0.0027085776225841615,-0.0014814881119952624,-0.0003483181818756864
10.239897,-0.0015582979023142382,-0.0008332596737731352,-0.0006561270396790949
10.259897,-0.0011098829839454698,-0.0005883412588434289,-0.0007761503496977705
10.279897,-0.0008073188814021954,-0.0006170825175794342,-0.0003660337995895073
10.299897,0.0008693477852671279,-0.00022771188820552412,-0.00043911072266478206
10.319897,-0.0004707920748340922,-0.0004161034966318881,-0.00037666317021960177
10.339896,2.300745896052908e-05,-0.0011068494173786332,-0.0009081317016798072
10.359896,-0.00036328624732090593,-0.00205554405608482,-0.000653026806578739
10.379896,-0.002661071795094393,-0.002245777156324706,-0.00040899417254847755
10.399896,-0.002279206993248171,-0.002351604662155328,-0.0007057307692784292
10.419896,-0.0007555473195668312,-0.0023889706295186467,-0.0010250547785928268
10.439895,0.00014717995314600325,-0.0017587142192449032,-0.001199996503530124
10.459895,0.001192820978744084,-0.0011031198136494356,-0.0011623508158840807
10.479895,0.002446434032349333,-0.0005027934733277176,-0.0006282249417700618
10.499895,0.0020999305358291986,2.4549184020740613e-05,-0.0004958006993483726
10.519895,0.00132081631672473,2.5248484705025377e-05,9.545804189895931e-05
10.539895,0.001759231235149487,-2.956643489842632e-06,0.00012380303024234462
10.559894,0.0006055482514589222,-0.0004436559441916239,0.0004028240092558255
10.579894,-0.0009959202800145,-0.000624891375396137,0.0003979522143836104
10.599894,-0.0019368060608923232,-0.001266779487276985,0.00035100582743967964
10.619894,-0.0030797198137740662,-0.0014839123543943036,0.0010906328670580827
10.639894,-0.004489766433803242,-0.0017311151516169348,0.0011774393938616878
10.659893,-0.0023649878790027536,-0.001691138461662735,0.00044445571088894896
10.679893,-0.0015510717950888851,-0.0016673389278681681,9.678671322586592e-05
10.699893,-0.002057645221663839,-0.0017389006994347669,-2.5008158566258555e-05
10.719893,-0.0007799762239833493,-0.0016415114220788402,7.907109551257512e-05
10.739892,6.456923057213007e-05,-0.0009953575759318973,0.0003408193472561275
10.759892,0.0005653850813430931,-0.0005384811190455727,0.00010608741252905387
10.779892,0.00028683030276442515,-0.00027088205141986567,-0.000296942890495483
10.799892,0.0012864806524121547,-0.0005123738928956093,-0.0006556841492325527
10.819892,9.934778525439673e-05,-0.00045913379964100177,0.00011051631695790655
10.839892,0.00037333379923343486,-0.000434961305450566,3.079603723643755e-05
10.859891,0.0006651053610214873,-0.0006045417250135932,-0.00012643006998809873
10.879891,0.00023948764539872451,-0.0006945184149751176,0.00015701981346006493
10.899891,-0.0021594400935053986,-0.0012032363636971292,0.00011273076917206785
10.919891,-0.0029018177158653194,-0.0012688540793505793,-0.0001149149184733998
10.93989,-0.004006549650583732,-0.0005883412588434289,0.0005188613052943107
10.95989,-0.004185570629592105,-0.0004038657343905727,0.0003944090908499623
10.97989,-0.004023565967580407,-0.0007524671330049029,-0.00012155827510846359
10.99989,-0.0028870158510319243,-0.001233236363776679,-0.0008456841492245572
11.01989,-0.002905570629592328,-0.0016038657343978165,-0.0003695769231231555
11.039889,-0.00017692261095608443,-0.0016220475525602304,2.6810023257307317e-05
11.059889,0.00023694685292476752,-0.001864611655105528,0.00014417599061845925
11.079889,0.002631142657097773,-0.0016514181818890368,0.00018580769224946263
11.099889,0.0018979958039352447,-0.0015216512821333514,-8.43554779137329e-05
11.119889,0.0029803034962383023,-0.0009071524476500278,-0.00010472843828984523
11.139889,0.0036254083913458274,-0.0003340755245889613,1.5652680002352067e-06
11.159888,0.003499674125623192,4.883822831362655e-05,0.00027925757568866366
11.179888,0.0022694643354357934,9.284755232154363e-05,0.000773080419507595
11.199888,-0.0003988573428509864,-0.0003507888113014065,0.0015277657341891825
